Unidad  , Variable, 2020
General Lagos (Región de Arica y Parinacota),  Tasa de Mortalidad General Total (Por mil Habitantes), 1.2345679012345678
General Lagos (Región de Arica y Parinacota),  Tasa de Mortalidad General Hombre (Por mil Hombres), 2.3094688221709005
General Lagos (Región de Arica y Parinacota),  Tasa de Mortalidad General Mujer (Por mil Mujeres), -
Putre (Región de Arica y Parinacota),  Tasa de Mortalidad General Total (Por mil Habitantes), 1.9880715705765406
Putre (Región de Arica y Parinacota),  Tasa de Mortalidad General Hombre (Por mil Hombres), 2.0590253946465342
Putre (Región de Arica y Parinacota),  Tasa de Mortalidad General Mujer (Por mil Mujeres), 1.890359168241966
Arica (Región de Arica y Parinacota),  Tasa de Mortalidad General Total (Por mil Habitantes), 6.608712512926577
Arica (Región de Arica y Parinacota),  Tasa de Mortalidad General Hombre (Por mil Hombres), 7.5511189824504905
Arica (Región de Arica y Parinacota),  Tasa de Mortalidad General Mujer (Por mil Mujeres), 5.659520643466416
Camarones (Región de Arica y Parinacota),  Tasa de Mortalidad General Total (Por mil Habitantes), 0.8110300081103001
Camarones (Región de Arica y Parinacota),  Tasa de Mortalidad General Hombre (Por mil Hombres), 1.5772870662460567
Camarones (Región de Arica y Parinacota),  Tasa de Mortalidad General Mujer (Por mil Mujeres), -
Colchane,  Tasa de Mortalidad General Total (Por mil Habitantes), 2.526847757422615
Colchane,  Tasa de Mortalidad General Hombre (Por mil Hombres), 2.4213075060532687
Colchane,  Tasa de Mortalidad General Mujer (Por mil Mujeres), 2.642007926023778
Camiña,  Tasa de Mortalidad General Total (Por mil Habitantes), 4.363636363636364
Camiña,  Tasa de Mortalidad General Hombre (Por mil Hombres), 5.673758865248227
Camiña,  Tasa de Mortalidad General Mujer (Por mil Mujeres), 2.985074626865672
Huara,  Tasa de Mortalidad General Total (Por mil Habitantes), 5.0
Huara,  Tasa de Mortalidad General Hombre (Por mil Hombres), 5.131494547787042
Huara,  Tasa de Mortalidad General Mujer (Por mil Mujeres), 4.857737682165163
Iquique,  Tasa de Mortalidad General Total (Por mil Habitantes), 5.5400670357061355
Iquique,  Tasa de Mortalidad General Hombre (Por mil Hombres), 6.401194889712746
Iquique,  Tasa de Mortalidad General Mujer (Por mil Mujeres), 4.667339436315144
Pozo Almonte,  Tasa de Mortalidad General Total (Por mil Habitantes), 3.8516815176774934
Pozo Almonte,  Tasa de Mortalidad General Hombre (Por mil Hombres), 4.737247989423818
Pozo Almonte,  Tasa de Mortalidad General Mujer (Por mil Mujeres), 2.8853089685020437
Alto Hospicio,  Tasa de Mortalidad General Total (Por mil Habitantes), 3.407718520911699
Alto Hospicio,  Tasa de Mortalidad General Hombre (Por mil Hombres), 4.046604669629087
Alto Hospicio,  Tasa de Mortalidad General Mujer (Por mil Mujeres), 2.7591765873015874
Pica,  Tasa de Mortalidad General Total (Por mil Habitantes), 4.867405169519974
Pica,  Tasa de Mortalidad General Hombre (Por mil Hombres), 4.648074369189907
Pica,  Tasa de Mortalidad General Mujer (Por mil Mujeres), 5.091649694501019
Ollagüe,  Tasa de Mortalidad General Total (Por mil Habitantes), -
Ollagüe,  Tasa de Mortalidad General Hombre (Por mil Hombres), -
Ollagüe,  Tasa de Mortalidad General Mujer (Por mil Mujeres), -
Tocopilla,  Tasa de Mortalidad General Total (Por mil Habitantes), 6.837850350795968
Tocopilla,  Tasa de Mortalidad General Hombre (Por mil Hombres), 7.539654313962586
Tocopilla,  Tasa de Mortalidad General Mujer (Por mil Mujeres), 6.134094151212554
María Elena,  Tasa de Mortalidad General Total (Por mil Habitantes), 3.9624302905782214
María Elena,  Tasa de Mortalidad General Hombre (Por mil Hombres), 3.4295513003715348
María Elena,  Tasa de Mortalidad General Mujer (Por mil Mujeres), 4.524886877828055
Calama,  Tasa de Mortalidad General Total (Por mil Habitantes), 5.50605245460659
Calama,  Tasa de Mortalidad General Hombre (Por mil Hombres), 6.693845207436215
Calama,  Tasa de Mortalidad General Mujer (Por mil Mujeres), 4.299617694091732
Sierra Gorda,  Tasa de Mortalidad General Total (Por mil Habitantes), 1.7182130584192439
Sierra Gorda,  Tasa de Mortalidad General Hombre (Por mil Hombres), 3.2502708559046587
Sierra Gorda,  Tasa de Mortalidad General Mujer (Por mil Mujeres), -
San Pedro De Atacama,  Tasa de Mortalidad General Total (Por mil Habitantes), 4.121142419014759
San Pedro De Atacama,  Tasa de Mortalidad General Hombre (Por mil Hombres), 4.180919802356519
San Pedro De Atacama,  Tasa de Mortalidad General Mujer (Por mil Mujeres), 4.060324825986079
Mejillones,  Tasa de Mortalidad General Total (Por mil Habitantes), 3.722252301028695
Mejillones,  Tasa de Mortalidad General Hombre (Por mil Hombres), 5.3136340072576465
Mejillones,  Tasa de Mortalidad General Mujer (Por mil Mujeres), 1.98300283286119
Antofagasta,  Tasa de Mortalidad General Total (Por mil Habitantes), 5.341476305126548
Antofagasta,  Tasa de Mortalidad General Hombre (Por mil Hombres), 5.890554526229109
Antofagasta,  Tasa de Mortalidad General Mujer (Por mil Mujeres), 4.787893939894242
Taltal,  Tasa de Mortalidad General Total (Por mil Habitantes), 4.320128871640917
Taltal,  Tasa de Mortalidad General Hombre (Por mil Hombres), 5.4613394653636105
Taltal,  Tasa de Mortalidad General Mujer (Por mil Mujeres), 3.134796238244514
Chañaral,  Tasa de Mortalidad General Total (Por mil Habitantes), 5.773321178972957
Chañaral,  Tasa de Mortalidad General Hombre (Por mil Hombres), 6.432311144353029
Chañaral,  Tasa de Mortalidad General Mujer (Por mil Mujeres), 5.093378607809847
Diego De Almagro,  Tasa de Mortalidad General Total (Por mil Habitantes), 4.248502576960579
Diego De Almagro,  Tasa de Mortalidad General Hombre (Por mil Hombres), 4.649890590809628
Diego De Almagro,  Tasa de Mortalidad General Mujer (Por mil Mujeres), 3.8319613965370425
Caldera,  Tasa de Mortalidad General Total (Por mil Habitantes), 5.147740142077628
Caldera,  Tasa de Mortalidad General Hombre (Por mil Hombres), 6.0698027314112295
Caldera,  Tasa de Mortalidad General Mujer (Por mil Mujeres), 4.192432659050414
Isla De Pascua,  Tasa de Mortalidad General Total (Por mil Habitantes), 3.503684909991543
Isla De Pascua,  Tasa de Mortalidad General Hombre (Por mil Hombres), 3.668378576669112
Isla De Pascua,  Tasa de Mortalidad General Mujer (Por mil Mujeres), 3.342884431709647
Copiapó,  Tasa de Mortalidad General Total (Por mil Habitantes), 5.070852205908038
Copiapó,  Tasa de Mortalidad General Hombre (Por mil Hombres), 5.563008882309401
Copiapó,  Tasa de Mortalidad General Mujer (Por mil Mujeres), 4.571991278047408
Tierra Amarilla,  Tasa de Mortalidad General Total (Por mil Habitantes), 3.842929010620458
Tierra Amarilla,  Tasa de Mortalidad General Hombre (Por mil Hombres), 4.589632829373651
Tierra Amarilla,  Tasa de Mortalidad General Mujer (Por mil Mujeres), 3.041714947856315
Huasco,  Tasa de Mortalidad General Total (Por mil Habitantes), 5.681818181818182
Huasco,  Tasa de Mortalidad General Hombre (Por mil Hombres), 6.093314763231198
Huasco,  Tasa de Mortalidad General Mujer (Por mil Mujeres), 5.253623188405797
Freirina,  Tasa de Mortalidad General Total (Por mil Habitantes), 5.728420778544461
Freirina,  Tasa de Mortalidad General Hombre (Por mil Hombres), 6.940874035989717
Freirina,  Tasa de Mortalidad General Mujer (Por mil Mujeres), 4.484304932735426
Vallenar,  Tasa de Mortalidad General Total (Por mil Habitantes), 6.332333491203143
Vallenar,  Tasa de Mortalidad General Hombre (Por mil Hombres), 7.135112447973139
Vallenar,  Tasa de Mortalidad General Mujer (Por mil Mujeres), 5.524667464283201
Alto Del Carmen,  Tasa de Mortalidad General Total (Por mil Habitantes), 6.807470762785826
Alto Del Carmen,  Tasa de Mortalidad General Hombre (Por mil Hombres), 8.108108108108109
Alto Del Carmen,  Tasa de Mortalidad General Mujer (Por mil Mujeres), 5.417118093174431
La Higuera,  Tasa de Mortalidad General Total (Por mil Habitantes), 5.617977528089887
La Higuera,  Tasa de Mortalidad General Hombre (Por mil Hombres), 6.23608017817372
La Higuera,  Tasa de Mortalidad General Mujer (Por mil Mujeres), 4.988662131519274
La Serena,  Tasa de Mortalidad General Total (Por mil Habitantes), 5.4034351267343865
La Serena,  Tasa de Mortalidad General Hombre (Por mil Hombres), 5.6500886932527425
La Serena,  Tasa de Mortalidad General Mujer (Por mil Mujeres), 5.1685850118853995
Coquimbo,  Tasa de Mortalidad General Total (Por mil Habitantes), 5.394667653416948
Coquimbo,  Tasa de Mortalidad General Hombre (Por mil Hombres), 5.894176011740496
Coquimbo,  Tasa de Mortalidad General Mujer (Por mil Mujeres), 4.9178955061397565
Paiguano,  Tasa de Mortalidad General Total (Por mil Habitantes), 6.6310160427807485
Paiguano,  Tasa de Mortalidad General Hombre (Por mil Hombres), 8.239375542064181
Paiguano,  Tasa de Mortalidad General Mujer (Por mil Mujeres), 5.0654284508231315
Vicuña,  Tasa de Mortalidad General Total (Por mil Habitantes), 6.119498335630947
Vicuña,  Tasa de Mortalidad General Hombre (Por mil Hombres), 6.205250596658711
Vicuña,  Tasa de Mortalidad General Mujer (Por mil Mujeres), 5.969753250198992
Andacollo,  Tasa de Mortalidad General Total (Por mil Habitantes), 5.597489610720041
Andacollo,  Tasa de Mortalidad General Hombre (Por mil Hombres), 5.980861244019139
Andacollo,  Tasa de Mortalidad General Mujer (Por mil Mujeres), 5.219733961946456
Río Hurtado,  Tasa de Mortalidad General Total (Por mil Habitantes), 8.69167429094236
Río Hurtado,  Tasa de Mortalidad General Hombre (Por mil Hombres), 7.434944237918216
Río Hurtado,  Tasa de Mortalidad General Mujer (Por mil Mujeres), 9.90990990990991
Ovalle,  Tasa de Mortalidad General Total (Por mil Habitantes), 6.324782096001452
Ovalle,  Tasa de Mortalidad General Hombre (Por mil Hombres), 6.792287467134093
Ovalle,  Tasa de Mortalidad General Mujer (Por mil Mujeres), 5.8607940326460755
Monte Patria,  Tasa de Mortalidad General Total (Por mil Habitantes), 6.579149629538537
Monte Patria,  Tasa de Mortalidad General Hombre (Por mil Hombres), 7.394978871488938
Monte Patria,  Tasa de Mortalidad General Mujer (Por mil Mujeres), 5.780346820809248
Punitaqui,  Tasa de Mortalidad General Total (Por mil Habitantes), 5.589806822852445
Punitaqui,  Tasa de Mortalidad General Hombre (Por mil Hombres), 5.324459234608985
Punitaqui,  Tasa de Mortalidad General Mujer (Por mil Mujeres), 5.848903330625507
Combarbalá,  Tasa de Mortalidad General Total (Por mil Habitantes), 8.066839527513684
Combarbalá,  Tasa de Mortalidad General Hombre (Por mil Hombres), 8.47086315174529
Combarbalá,  Tasa de Mortalidad General Mujer (Por mil Mujeres), 7.6737245985505185
Canela,  Tasa de Mortalidad General Total (Por mil Habitantes), 7.123402472239682
Canela,  Tasa de Mortalidad General Hombre (Por mil Hombres), 7.129377227930384
Canela,  Tasa de Mortalidad General Mujer (Por mil Mujeres), 7.117437722419928
Illapel,  Tasa de Mortalidad General Total (Por mil Habitantes), 6.34127008322917
Illapel,  Tasa de Mortalidad General Hombre (Por mil Hombres), 7.45520611452199
Illapel,  Tasa de Mortalidad General Mujer (Por mil Mujeres), 5.285349486311539
Salamanca,  Tasa de Mortalidad General Total (Por mil Habitantes), 5.771212641703881
Salamanca,  Tasa de Mortalidad General Hombre (Por mil Hombres), 5.927763992280122
Salamanca,  Tasa de Mortalidad General Mujer (Por mil Mujeres), 5.615669086426517
Los Vilos,  Tasa de Mortalidad General Total (Por mil Habitantes), 6.8024300504834425
Los Vilos,  Tasa de Mortalidad General Hombre (Por mil Hombres), 8.27080491132333
Los Vilos,  Tasa de Mortalidad General Mujer (Por mil Mujeres), 5.323716297441181
Petorca,  Tasa de Mortalidad General Total (Por mil Habitantes), 7.57719265012313
Petorca,  Tasa de Mortalidad General Hombre (Por mil Hombres), 8.959207014868472
Petorca,  Tasa de Mortalidad General Mujer (Por mil Mujeres), 6.212349397590361
Cabildo,  Tasa de Mortalidad General Total (Por mil Habitantes), 6.485021536078982
Cabildo,  Tasa de Mortalidad General Hombre (Por mil Hombres), 7.6711250983477575
Cabildo,  Tasa de Mortalidad General Mujer (Por mil Mujeres), 5.3358742258218195
La Ligua,  Tasa de Mortalidad General Total (Por mil Habitantes), 7.949336230424759
La Ligua,  Tasa de Mortalidad General Hombre (Por mil Hombres), 9.328157014989754
La Ligua,  Tasa de Mortalidad General Mujer (Por mil Mujeres), 6.616995779711353
Papudo,  Tasa de Mortalidad General Total (Por mil Habitantes), 7.901951298177712
Papudo,  Tasa de Mortalidad General Hombre (Por mil Hombres), 7.119741100323625
Papudo,  Tasa de Mortalidad General Mujer (Por mil Mujeres), 8.678881388621022
Zapallar,  Tasa de Mortalidad General Total (Por mil Habitantes), 6.379784838628972
Zapallar,  Tasa de Mortalidad General Hombre (Por mil Hombres), 7.293762575452717
Zapallar,  Tasa de Mortalidad General Mujer (Por mil Mujeres), 5.47536087605774
Putaendo,  Tasa de Mortalidad General Total (Por mil Habitantes), 8.104278832530463
Putaendo,  Tasa de Mortalidad General Hombre (Por mil Hombres), 7.793696275071633
Putaendo,  Tasa de Mortalidad General Mujer (Por mil Mujeres), 8.408071748878923
Puchuncaví,  Tasa de Mortalidad General Total (Por mil Habitantes), 7.622938568083304
Puchuncaví,  Tasa de Mortalidad General Hombre (Por mil Hombres), 8.123558319125463
Puchuncaví,  Tasa de Mortalidad General Mujer (Por mil Mujeres), 7.128712871287129
Nogales,  Tasa de Mortalidad General Total (Por mil Habitantes), 7.322264793529161
Nogales,  Tasa de Mortalidad General Hombre (Por mil Hombres), 9.062661833247024
Nogales,  Tasa de Mortalidad General Mujer (Por mil Mujeres), 5.628360215053764
Santa María,  Tasa de Mortalidad General Total (Por mil Habitantes), 5.682165332681615
Santa María,  Tasa de Mortalidad General Hombre (Por mil Hombres), 6.169031462060457
Santa María,  Tasa de Mortalidad General Mujer (Por mil Mujeres), 5.204550956184943
San Felipe,  Tasa de Mortalidad General Total (Por mil Habitantes), 6.922653124775433
San Felipe,  Tasa de Mortalidad General Hombre (Por mil Hombres), 7.222249424668266
San Felipe,  Tasa de Mortalidad General Mujer (Por mil Mujeres), 6.635715625586195
Panquehue,  Tasa de Mortalidad General Total (Por mil Habitantes), 6.812524564391459
Panquehue,  Tasa de Mortalidad General Hombre (Por mil Hombres), 8.153603366649131
Panquehue,  Tasa de Mortalidad General Mujer (Por mil Mujeres), 5.481597494126859
Catemu,  Tasa de Mortalidad General Total (Por mil Habitantes), 6.7705252087030825
Catemu,  Tasa de Mortalidad General Hombre (Por mil Hombres), 8.473454256586786
Catemu,  Tasa de Mortalidad General Mujer (Por mil Mujeres), 5.091383812010444
Quintero,  Tasa de Mortalidad General Total (Por mil Habitantes), 6.44804206448042
Quintero,  Tasa de Mortalidad General Hombre (Por mil Hombres), 7.447642513159368
Quintero,  Tasa de Mortalidad General Mujer (Por mil Mujeres), 5.471357443781803
Calera,  Tasa de Mortalidad General Total (Por mil Habitantes), 8.117034576701313
Calera,  Tasa de Mortalidad General Hombre (Por mil Hombres), 8.36915585650702
Calera,  Tasa de Mortalidad General Mujer (Por mil Mujeres), 7.874304131262819
Hijuelas,  Tasa de Mortalidad General Total (Por mil Habitantes), 6.23069270642442
Hijuelas,  Tasa de Mortalidad General Hombre (Por mil Hombres), 7.057088687592163
Hijuelas,  Tasa de Mortalidad General Mujer (Por mil Mujeres), 5.413846954711088
San Esteban,  Tasa de Mortalidad General Total (Por mil Habitantes), 5.425567989148864
San Esteban,  Tasa de Mortalidad General Hombre (Por mil Hombres), 5.701926858041683
San Esteban,  Tasa de Mortalidad General Mujer (Por mil Mujeres), 5.157100563460988
La Cruz,  Tasa de Mortalidad General Total (Por mil Habitantes), 4.58117767860669
La Cruz,  Tasa de Mortalidad General Hombre (Por mil Hombres), 4.282136220408823
La Cruz,  Tasa de Mortalidad General Mujer (Por mil Mujeres), 4.867119901112485
Los Andes,  Tasa de Mortalidad General Total (Por mil Habitantes), 7.95970217202943
Los Andes,  Tasa de Mortalidad General Hombre (Por mil Hombres), 8.314822597106323
Los Andes,  Tasa de Mortalidad General Mujer (Por mil Mujeres), 7.61954052732971
Llaillay,  Tasa de Mortalidad General Total (Por mil Habitantes), 7.801605547808389
Llaillay,  Tasa de Mortalidad General Hombre (Por mil Hombres), 9.752380952380951
Llaillay,  Tasa de Mortalidad General Mujer (Por mil Mujeres), 5.89200477326969
Rinconada,  Tasa de Mortalidad General Total (Por mil Habitantes), 5.0608186096066765
Rinconada,  Tasa de Mortalidad General Hombre (Por mil Hombres), 6.080114449213162
Rinconada,  Tasa de Mortalidad General Mujer (Por mil Mujeres), 4.05572209486863
Calle Larga,  Tasa de Mortalidad General Total (Por mil Habitantes), 4.489746390001214
Calle Larga,  Tasa de Mortalidad General Hombre (Por mil Hombres), 4.310875723611282
Calle Larga,  Tasa de Mortalidad General Mujer (Por mil Mujeres), 4.663398302044721
Quillota,  Tasa de Mortalidad General Total (Por mil Habitantes), 7.8916082482679455
Quillota,  Tasa de Mortalidad General Hombre (Por mil Hombres), 8.611817093406708
Quillota,  Tasa de Mortalidad General Mujer (Por mil Mujeres), 7.205331945639774
Concón,  Tasa de Mortalidad General Total (Por mil Habitantes), 5.513303841879318
Concón,  Tasa de Mortalidad General Hombre (Por mil Hombres), 5.74815078869976
Concón,  Tasa de Mortalidad General Mujer (Por mil Mujeres), 5.288523051989594
Olmué,  Tasa de Mortalidad General Total (Por mil Habitantes), 6.851448146994706
Olmué,  Tasa de Mortalidad General Hombre (Por mil Hombres), 7.801792303637322
Olmué,  Tasa de Mortalidad General Mujer (Por mil Mujeres), 5.929864022083632
Limache,  Tasa de Mortalidad General Total (Por mil Habitantes), 8.051110532534898
Limache,  Tasa de Mortalidad General Hombre (Por mil Hombres), 8.455444731765382
Limache,  Tasa de Mortalidad General Mujer (Por mil Mujeres), 7.665832290362953
Viña Del Mar,  Tasa de Mortalidad General Total (Por mil Habitantes), 7.47431310204748
Viña Del Mar,  Tasa de Mortalidad General Hombre (Por mil Hombres), 7.3267190929041695
Viña Del Mar,  Tasa de Mortalidad General Mujer (Por mil Mujeres), 7.612865151962231
Valparaíso,  Tasa de Mortalidad General Total (Por mil Habitantes), 7.89910430364993
Valparaíso,  Tasa de Mortalidad General Hombre (Por mil Hombres), 8.31516340037931
Valparaíso,  Tasa de Mortalidad General Mujer (Por mil Mujeres), 7.497791107184191
Villa Alemana,  Tasa de Mortalidad General Total (Por mil Habitantes), 6.776254396669299
Villa Alemana,  Tasa de Mortalidad General Hombre (Por mil Hombres), 7.039018390361732
Villa Alemana,  Tasa de Mortalidad General Mujer (Por mil Mujeres), 6.529396204875468
Quilpué,  Tasa de Mortalidad General Total (Por mil Habitantes), 8.043810036807614
Quilpué,  Tasa de Mortalidad General Hombre (Por mil Hombres), 7.745436605821411
Quilpué,  Tasa de Mortalidad General Mujer (Por mil Mujeres), 8.325097378059416
Tiltil,  Tasa de Mortalidad General Total (Por mil Habitantes), 5.354565348977976
Tiltil,  Tasa de Mortalidad General Hombre (Por mil Hombres), 6.526806526806527
Tiltil,  Tasa de Mortalidad General Mujer (Por mil Mujeres), 4.185267857142857
Colina,  Tasa de Mortalidad General Total (Por mil Habitantes), 3.748204909261282
Colina,  Tasa de Mortalidad General Hombre (Por mil Hombres), 4.529390713071486
Colina,  Tasa de Mortalidad General Mujer (Por mil Mujeres), 2.9800851138700417
Lampa,  Tasa de Mortalidad General Total (Por mil Habitantes), 4.460275181641949
Lampa,  Tasa de Mortalidad General Hombre (Por mil Hombres), 5.364603114318268
Lampa,  Tasa de Mortalidad General Mujer (Por mil Mujeres), 3.563243650519574
Casablanca,  Tasa de Mortalidad General Total (Por mil Habitantes), 6.307850531367844
Casablanca,  Tasa de Mortalidad General Hombre (Por mil Hombres), 6.736578929092298
Casablanca,  Tasa de Mortalidad General Mujer (Por mil Mujeres), 5.889919436734141
Lo Barnechea,  Tasa de Mortalidad General Total (Por mil Habitantes), 3.7718817498952255
Lo Barnechea,  Tasa de Mortalidad General Hombre (Por mil Hombres), 3.895779572130192
Lo Barnechea,  Tasa de Mortalidad General Mujer (Por mil Mujeres), 3.6556216900220275
Quilicura,  Tasa de Mortalidad General Total (Por mil Habitantes), 3.761376396774168
Quilicura,  Tasa de Mortalidad General Hombre (Por mil Hombres), 4.416667983502679
Quilicura,  Tasa de Mortalidad General Mujer (Por mil Mujeres), 3.1140734265734267
Huechuraba,  Tasa de Mortalidad General Total (Por mil Habitantes), 5.811886819280534
Huechuraba,  Tasa de Mortalidad General Hombre (Por mil Hombres), 6.570515713280024
Huechuraba,  Tasa de Mortalidad General Mujer (Por mil Mujeres), 5.076230986014108
Algarrobo,  Tasa de Mortalidad General Total (Por mil Habitantes), 7.908264136022143
Algarrobo,  Tasa de Mortalidad General Hombre (Por mil Hombres), 9.639844691391083
Algarrobo,  Tasa de Mortalidad General Mujer (Por mil Mujeres), 6.229720960415315
Conchalí,  Tasa de Mortalidad General Total (Por mil Habitantes), 8.858076798735588
Conchalí,  Tasa de Mortalidad General Hombre (Por mil Hombres), 9.340499709471237
Conchalí,  Tasa de Mortalidad General Mujer (Por mil Mujeres), 8.38604221448369
Vitacura,  Tasa de Mortalidad General Total (Por mil Habitantes), 6.220679108024883
Vitacura,  Tasa de Mortalidad General Hombre (Por mil Hombres), 6.478970252701365
Vitacura,  Tasa de Mortalidad General Mujer (Por mil Mujeres), 5.982192543127434
Curacaví,  Tasa de Mortalidad General Total (Por mil Habitantes), 6.121328575349986
Curacaví,  Tasa de Mortalidad General Hombre (Por mil Hombres), 6.858786437302949
Curacaví,  Tasa de Mortalidad General Mujer (Por mil Mujeres), 5.394801373222168
Renca,  Tasa de Mortalidad General Total (Por mil Habitantes), 6.36629840780369
Renca,  Tasa de Mortalidad General Hombre (Por mil Hombres), 7.256766274273065
Renca,  Tasa de Mortalidad General Mujer (Por mil Mujeres), 5.4957890207167885
Recoleta,  Tasa de Mortalidad General Total (Por mil Habitantes), 8.059976325134814
Recoleta,  Tasa de Mortalidad General Hombre (Por mil Hombres), 8.719421106720205
Recoleta,  Tasa de Mortalidad General Mujer (Por mil Mujeres), 7.409497533651033
El Quisco,  Tasa de Mortalidad General Total (Por mil Habitantes), 6.932702062901589
El Quisco,  Tasa de Mortalidad General Hombre (Por mil Hombres), 7.435369480668039
El Quisco,  Tasa de Mortalidad General Mujer (Por mil Mujeres), 6.444444444444445
Independencia,  Tasa de Mortalidad General Total (Por mil Habitantes), 7.658466195051561
Independencia,  Tasa de Mortalidad General Hombre (Por mil Hombres), 7.618058868093942
Independencia,  Tasa de Mortalidad General Mujer (Por mil Mujeres), 7.699153799426448
Las Condes,  Tasa de Mortalidad General Total (Por mil Habitantes), 6.696718758975568
Las Condes,  Tasa de Mortalidad General Hombre (Por mil Hombres), 6.309363966383211
Las Condes,  Tasa de Mortalidad General Mujer (Por mil Mujeres), 7.063518691836339
Cerro Navia,  Tasa de Mortalidad General Total (Por mil Habitantes), 9.356684097848595
Cerro Navia,  Tasa de Mortalidad General Hombre (Por mil Hombres), 10.681493428405698
Cerro Navia,  Tasa de Mortalidad General Mujer (Por mil Mujeres), 8.052157922598981
Quinta Normal,  Tasa de Mortalidad General Total (Por mil Habitantes), 7.545758535726857
Quinta Normal,  Tasa de Mortalidad General Hombre (Por mil Hombres), 7.658334200782192
Quinta Normal,  Tasa de Mortalidad General Mujer (Por mil Mujeres), 7.436235008174072
Providencia,  Tasa de Mortalidad General Total (Por mil Habitantes), 8.05710337308002
Providencia,  Tasa de Mortalidad General Hombre (Por mil Hombres), 7.603818864774625
Providencia,  Tasa de Mortalidad General Mujer (Por mil Mujeres), 8.485760449942648
Pudahuel,  Tasa de Mortalidad General Total (Por mil Habitantes), 5.597715089338269
Pudahuel,  Tasa de Mortalidad General Hombre (Por mil Hombres), 6.272609870938244
Pudahuel,  Tasa de Mortalidad General Mujer (Por mil Mujeres), 4.9427881995796685
La Reina,  Tasa de Mortalidad General Total (Por mil Habitantes), 7.122052427881738
La Reina,  Tasa de Mortalidad General Hombre (Por mil Hombres), 6.7589709978699
La Reina,  Tasa de Mortalidad General Mujer (Por mil Mujeres), 7.46674963055145
Lo Prado,  Tasa de Mortalidad General Total (Por mil Habitantes), 7.911650048370259
Lo Prado,  Tasa de Mortalidad General Hombre (Por mil Hombres), 8.753032508491025
Lo Prado,  Tasa de Mortalidad General Mujer (Por mil Mujeres), 7.091796210144105
Santiago,  Tasa de Mortalidad General Total (Por mil Habitantes), 3.909394272449205
Santiago,  Tasa de Mortalidad General Hombre (Por mil Hombres), 4.230892647041347
Santiago,  Tasa de Mortalidad General Mujer (Por mil Mujeres), 3.5857018642458858
El Tabo,  Tasa de Mortalidad General Total (Por mil Habitantes), 8.92732598688799
El Tabo,  Tasa de Mortalidad General Hombre (Por mil Hombres), 9.964912280701755
El Tabo,  Tasa de Mortalidad General Mujer (Por mil Mujeres), 7.902398447248025
Ñuñoa,  Tasa de Mortalidad General Total (Por mil Habitantes), 6.926680309522287
Ñuñoa,  Tasa de Mortalidad General Hombre (Por mil Hombres), 5.9900384839458765
Ñuñoa,  Tasa de Mortalidad General Mujer (Por mil Mujeres), 7.816213773057052
Estación Central,  Tasa de Mortalidad General Total (Por mil Habitantes), 5.0292080931564085
Estación Central,  Tasa de Mortalidad General Hombre (Por mil Hombres), 5.514316012725344
Estación Central,  Tasa de Mortalidad General Mujer (Por mil Mujeres), 4.540955929440531
Peñalolén,  Tasa de Mortalidad General Total (Por mil Habitantes), 6.206943080532838
Peñalolén,  Tasa de Mortalidad General Hombre (Por mil Hombres), 6.779815954659028
Peñalolén,  Tasa de Mortalidad General Mujer (Por mil Mujeres), 5.65205200478137
Macul,  Tasa de Mortalidad General Total (Por mil Habitantes), 6.7664426040776915
Macul,  Tasa de Mortalidad General Hombre (Por mil Hombres), 7.0357676686847945
Macul,  Tasa de Mortalidad General Mujer (Por mil Mujeres), 6.505657729306161
Pedro Aguirre Cerda,  Tasa de Mortalidad General Total (Por mil Habitantes), 9.971893175514596
Pedro Aguirre Cerda,  Tasa de Mortalidad General Hombre (Por mil Hombres), 10.785853147898909
Pedro Aguirre Cerda,  Tasa de Mortalidad General Mujer (Por mil Mujeres), 9.170088570534185
San Joaquín,  Tasa de Mortalidad General Total (Por mil Habitantes), 8.300719911098227
San Joaquín,  Tasa de Mortalidad General Hombre (Por mil Hombres), 9.141268815941434
San Joaquín,  Tasa de Mortalidad General Mujer (Por mil Mujeres), 7.481201572579106
San Miguel,  Tasa de Mortalidad General Total (Por mil Habitantes), 8.462411411479117
San Miguel,  Tasa de Mortalidad General Hombre (Por mil Hombres), 8.45377274540489
San Miguel,  Tasa de Mortalidad General Mujer (Por mil Mujeres), 8.455974425833444
Cerrillos,  Tasa de Mortalidad General Total (Por mil Habitantes), 6.002967759341697
Cerrillos,  Tasa de Mortalidad General Hombre (Por mil Hombres), 6.524210047738122
Cerrillos,  Tasa de Mortalidad General Mujer (Por mil Mujeres), 5.4930391851621225
Maipú,  Tasa de Mortalidad General Total (Por mil Habitantes), 5.687818114257568
Maipú,  Tasa de Mortalidad General Hombre (Por mil Hombres), 6.1436257244094765
Maipú,  Tasa de Mortalidad General Mujer (Por mil Mujeres), 5.237629412244233
María Pinto,  Tasa de Mortalidad General Total (Por mil Habitantes), 5.694760820045558
María Pinto,  Tasa de Mortalidad General Hombre (Por mil Hombres), 6.079437989732504
María Pinto,  Tasa de Mortalidad General Mujer (Por mil Mujeres), 5.31632110579479
Lo Espejo,  Tasa de Mortalidad General Total (Por mil Habitantes), 9.348673759206664
Lo Espejo,  Tasa de Mortalidad General Hombre (Por mil Hombres), 10.997931847613893
Lo Espejo,  Tasa de Mortalidad General Mujer (Por mil Mujeres), 7.711786372007367
La Florida,  Tasa de Mortalidad General Total (Por mil Habitantes), 6.818526313696938
La Florida,  Tasa de Mortalidad General Hombre (Por mil Hombres), 7.064634319143337
La Florida,  Tasa de Mortalidad General Mujer (Por mil Mujeres), 6.581099356048216
La Cisterna,  Tasa de Mortalidad General Total (Por mil Habitantes), 7.756337495270526
La Cisterna,  Tasa de Mortalidad General Hombre (Por mil Hombres), 7.7588297098520975
La Cisterna,  Tasa de Mortalidad General Mujer (Por mil Mujeres), 7.753916218444505
La Granja,  Tasa de Mortalidad General Total (Por mil Habitantes), 8.379774309096993
La Granja,  Tasa de Mortalidad General Hombre (Por mil Hombres), 9.11668699924165
La Granja,  Tasa de Mortalidad General Mujer (Por mil Mujeres), 7.657635826103814
Cartagena,  Tasa de Mortalidad General Total (Por mil Habitantes), 8.163426272824072
Cartagena,  Tasa de Mortalidad General Hombre (Por mil Hombres), 9.264435747943455
Cartagena,  Tasa de Mortalidad General Mujer (Por mil Mujeres), 7.089435961358679
San Ramón,  Tasa de Mortalidad General Total (Por mil Habitantes), 11.270373367240781
San Ramón,  Tasa de Mortalidad General Hombre (Por mil Hombres), 12.725492938050623
San Ramón,  Tasa de Mortalidad General Mujer (Por mil Mujeres), 9.838546922300706
El Bosque,  Tasa de Mortalidad General Total (Por mil Habitantes), 8.075581395348838
El Bosque,  Tasa de Mortalidad General Hombre (Por mil Hombres), 8.235584785345365
El Bosque,  Tasa de Mortalidad General Mujer (Por mil Mujeres), 7.919267151707413
Padre Hurtado,  Tasa de Mortalidad General Total (Por mil Habitantes), 5.0816843694398015
Padre Hurtado,  Tasa de Mortalidad General Hombre (Por mil Hombres), 6.200875737713835
Padre Hurtado,  Tasa de Mortalidad General Mujer (Por mil Mujeres), 3.981934311446057
La Pintana,  Tasa de Mortalidad General Total (Por mil Habitantes), 7.584440277814456
La Pintana,  Tasa de Mortalidad General Hombre (Por mil Hombres), 8.476750400855158
La Pintana,  Tasa de Mortalidad General Mujer (Por mil Mujeres), 6.712950879574046
San Bernardo,  Tasa de Mortalidad General Total (Por mil Habitantes), 6.3224981782126175
San Bernardo,  Tasa de Mortalidad General Hombre (Por mil Hombres), 6.882561761935811
San Bernardo,  Tasa de Mortalidad General Mujer (Por mil Mujeres), 5.774231678486998
Puente Alto,  Tasa de Mortalidad General Total (Por mil Habitantes), 5.163266032831251
Puente Alto,  Tasa de Mortalidad General Hombre (Por mil Hombres), 5.503899645143313
Puente Alto,  Tasa de Mortalidad General Mujer (Por mil Mujeres), 4.833757721219801
Peñaflor,  Tasa de Mortalidad General Total (Por mil Habitantes), 6.94650596687051
Peñaflor,  Tasa de Mortalidad General Hombre (Por mil Hombres), 7.784286975363133
Peñaflor,  Tasa de Mortalidad General Mujer (Por mil Mujeres), 6.131136017495216
Calera De Tango,  Tasa de Mortalidad General Total (Por mil Habitantes), 4.767747589833479
Calera De Tango,  Tasa de Mortalidad General Hombre (Por mil Hombres), 4.725631259698124
Calera De Tango,  Tasa de Mortalidad General Mujer (Por mil Mujeres), 4.80936781208615
Pirque,  Tasa de Mortalidad General Total (Por mil Habitantes), 5.6189005356027995
Pirque,  Tasa de Mortalidad General Hombre (Por mil Hombres), 6.20912874033952
Pirque,  Tasa de Mortalidad General Mujer (Por mil Mujeres), 5.034654112723945
Juan Fernández,  Tasa de Mortalidad General Total (Por mil Habitantes), -
Juan Fernández,  Tasa de Mortalidad General Hombre (Por mil Hombres), -
Juan Fernández,  Tasa de Mortalidad General Mujer (Por mil Mujeres), -
San José De Maipo,  Tasa de Mortalidad General Total (Por mil Habitantes), 6.114567689337052
San José De Maipo,  Tasa de Mortalidad General Hombre (Por mil Hombres), 7.004310344827586
San José De Maipo,  Tasa de Mortalidad General Mujer (Por mil Mujeres), 5.23280649295173
Santo Domingo,  Tasa de Mortalidad General Total (Por mil Habitantes), 5.362828892240657
Santo Domingo,  Tasa de Mortalidad General Hombre (Por mil Hombres), 6.932702062901589
Santo Domingo,  Tasa de Mortalidad General Mujer (Por mil Mujeres), 3.820598006644518
Talagante,  Tasa de Mortalidad General Total (Por mil Habitantes), 6.280700896893864
Talagante,  Tasa de Mortalidad General Hombre (Por mil Hombres), 7.020492917706968
Talagante,  Tasa de Mortalidad General Mujer (Por mil Mujeres), 5.557569167572792
San Antonio,  Tasa de Mortalidad General Total (Por mil Habitantes), 8.267793842560536
San Antonio,  Tasa de Mortalidad General Hombre (Por mil Hombres), 8.908263836239575
San Antonio,  Tasa de Mortalidad General Mujer (Por mil Mujeres), 7.650628082066684
El Monte,  Tasa de Mortalidad General Total (Por mil Habitantes), 6.272804518418553
El Monte,  Tasa de Mortalidad General Hombre (Por mil Hombres), 6.566319830285887
El Monte,  Tasa de Mortalidad General Mujer (Por mil Mujeres), 5.985358132172537
Melipilla,  Tasa de Mortalidad General Total (Por mil Habitantes), 6.877948196480524
Melipilla,  Tasa de Mortalidad General Hombre (Por mil Hombres), 7.420359077146147
Melipilla,  Tasa de Mortalidad General Mujer (Por mil Mujeres), 6.3425243808321055
Buin,  Tasa de Mortalidad General Total (Por mil Habitantes), 5.609215530686513
Buin,  Tasa de Mortalidad General Hombre (Por mil Hombres), 6.394663128409258
Buin,  Tasa de Mortalidad General Mujer (Por mil Mujeres), 4.839554327608935
Isla De Maipo,  Tasa de Mortalidad General Total (Por mil Habitantes), 5.302332528440915
Isla De Maipo,  Tasa de Mortalidad General Hombre (Por mil Hombres), 5.925479562117104
Isla De Maipo,  Tasa de Mortalidad General Mujer (Por mil Mujeres), 4.689736881078146
Paine,  Tasa de Mortalidad General Total (Por mil Habitantes), 5.292028127491966
Paine,  Tasa de Mortalidad General Hombre (Por mil Hombres), 6.261983932428825
Paine,  Tasa de Mortalidad General Mujer (Por mil Mujeres), 4.330566582461206
San Pedro,  Tasa de Mortalidad General Total (Por mil Habitantes), 5.186982347527817
San Pedro,  Tasa de Mortalidad General Hombre (Por mil Hombres), 6.964019233957885
San Pedro,  Tasa de Mortalidad General Mujer (Por mil Mujeres), 3.377237419790611
Navidad,  Tasa de Mortalidad General Total (Por mil Habitantes), 7.676709154113557
Navidad,  Tasa de Mortalidad General Hombre (Por mil Hombres), 7.136739937196689
Navidad,  Tasa de Mortalidad General Mujer (Por mil Mujeres), 8.232872684504558
Mostazal,  Tasa de Mortalidad General Total (Por mil Habitantes), 6.22678610443522
Mostazal,  Tasa de Mortalidad General Hombre (Por mil Hombres), 7.197906063690563
Mostazal,  Tasa de Mortalidad General Mujer (Por mil Mujeres), 5.252407353370295
Codegua,  Tasa de Mortalidad General Total (Por mil Habitantes), 7.236095346197502
Codegua,  Tasa de Mortalidad General Hombre (Por mil Hombres), 8.189776899181023
Codegua,  Tasa de Mortalidad General Mujer (Por mil Mujeres), 6.273167949814656
Alhué,  Tasa de Mortalidad General Total (Por mil Habitantes), 5.266711681296422
Alhué,  Tasa de Mortalidad General Hombre (Por mil Hombres), 6.161264398607019
Alhué,  Tasa de Mortalidad General Mujer (Por mil Mujeres), 4.357298474945535
Graneros,  Tasa de Mortalidad General Total (Por mil Habitantes), 5.561034407188253
Graneros,  Tasa de Mortalidad General Hombre (Por mil Hombres), 6.674690885217201
Graneros,  Tasa de Mortalidad General Mujer (Por mil Mujeres), 4.444200592560079
Litueche,  Tasa de Mortalidad General Total (Por mil Habitantes), 7.095343680709535
Litueche,  Tasa de Mortalidad General Hombre (Por mil Hombres), 7.562536358347876
Litueche,  Tasa de Mortalidad General Mujer (Por mil Mujeres), 6.612563871355576
Rancagua,  Tasa de Mortalidad General Total (Por mil Habitantes), 6.624913747921466
Rancagua,  Tasa de Mortalidad General Hombre (Por mil Hombres), 7.261740697551151
Rancagua,  Tasa de Mortalidad General Mujer (Por mil Mujeres), 5.985775334399808
Machalí,  Tasa de Mortalidad General Total (Por mil Habitantes), 4.723515764525228
Machalí,  Tasa de Mortalidad General Hombre (Por mil Hombres), 5.227181342983514
Machalí,  Tasa de Mortalidad General Mujer (Por mil Mujeres), 4.223619009611228
Doñihue,  Tasa de Mortalidad General Total (Por mil Habitantes), 5.506607929515419
Doñihue,  Tasa de Mortalidad General Hombre (Por mil Hombres), 5.978021978021978
Doñihue,  Tasa de Mortalidad General Mujer (Por mil Mujeres), 5.033112582781457
La Estrella,  Tasa de Mortalidad General Total (Por mil Habitantes), 7.385998715478484
La Estrella,  Tasa de Mortalidad General Hombre (Por mil Hombres), 8.816120906801007
La Estrella,  Tasa de Mortalidad General Mujer (Por mil Mujeres), 5.897771952817824
Olivar,  Tasa de Mortalidad General Total (Por mil Habitantes), 6.359409190371991
Olivar,  Tasa de Mortalidad General Hombre (Por mil Hombres), 6.3936879336144745
Olivar,  Tasa de Mortalidad General Mujer (Por mil Mujeres), 6.324762821394198
Coinco,  Tasa de Mortalidad General Total (Por mil Habitantes), 5.490997318350146
Coinco,  Tasa de Mortalidad General Hombre (Por mil Hombres), 6.831983805668017
Coinco,  Tasa de Mortalidad General Mujer (Por mil Mujeres), 4.124774426398557
Requínoa,  Tasa de Mortalidad General Total (Por mil Habitantes), 4.642586678081064
Requínoa,  Tasa de Mortalidad General Hombre (Por mil Hombres), 5.56902312782546
Requínoa,  Tasa de Mortalidad General Mujer (Por mil Mujeres), 3.706645485835319
Las Cabras,  Tasa de Mortalidad General Total (Por mil Habitantes), 7.589068750233654
Las Cabras,  Tasa de Mortalidad General Hombre (Por mil Hombres), 8.863283846665189
Las Cabras,  Tasa de Mortalidad General Mujer (Por mil Mujeres), 6.283118849356549
Coltauco,  Tasa de Mortalidad General Total (Por mil Habitantes), 7.759958613554061
Coltauco,  Tasa de Mortalidad General Hombre (Por mil Hombres), 9.089205397301349
Coltauco,  Tasa de Mortalidad General Mujer (Por mil Mujeres), 6.420545746388443
Quinta De Tilcoco,  Tasa de Mortalidad General Total (Por mil Habitantes), 7.56647690423002
Quinta De Tilcoco,  Tasa de Mortalidad General Hombre (Por mil Hombres), 8.329742926899327
Quinta De Tilcoco,  Tasa de Mortalidad General Mujer (Por mil Mujeres), 6.7978015620480186
Pichidegua,  Tasa de Mortalidad General Total (Por mil Habitantes), 7.327773224702309
Pichidegua,  Tasa de Mortalidad General Hombre (Por mil Hombres), 8.404163881195684
Pichidegua,  Tasa de Mortalidad General Mujer (Por mil Mujeres), 6.230529595015576
Peumo,  Tasa de Mortalidad General Total (Por mil Habitantes), 7.958801498127341
Peumo,  Tasa de Mortalidad General Hombre (Por mil Hombres), 8.528784648187633
Peumo,  Tasa de Mortalidad General Mujer (Por mil Mujeres), 7.38453276047261
Pichilemu,  Tasa de Mortalidad General Total (Por mil Habitantes), 6.76658091936025
Pichilemu,  Tasa de Mortalidad General Hombre (Por mil Hombres), 6.990679094540613
Pichilemu,  Tasa de Mortalidad General Mujer (Por mil Mujeres), 6.538895152198422
Marchihue,  Tasa de Mortalidad General Total (Por mil Habitantes), 7.730607966457024
Marchihue,  Tasa de Mortalidad General Hombre (Por mil Hombres), 8.077123501823866
Marchihue,  Tasa de Mortalidad General Mujer (Por mil Mujeres), 7.380073800738007
Rengo,  Tasa de Mortalidad General Total (Por mil Habitantes), 6.325537592214722
Rengo,  Tasa de Mortalidad General Hombre (Por mil Hombres), 6.517837463396202
Rengo,  Tasa de Mortalidad General Mujer (Por mil Mujeres), 6.1343932897248905
San Vicente,  Tasa de Mortalidad General Total (Por mil Habitantes), 6.025643558488254
San Vicente,  Tasa de Mortalidad General Hombre (Por mil Hombres), 6.428205229325235
San Vicente,  Tasa de Mortalidad General Mujer (Por mil Mujeres), 5.6215360253365
Malloa,  Tasa de Mortalidad General Total (Por mil Habitantes), 6.707618442420391
Malloa,  Tasa de Mortalidad General Hombre (Por mil Hombres), 7.41777466759972
Malloa,  Tasa de Mortalidad General Mujer (Por mil Mujeres), 5.984611000284981
Peralillo,  Tasa de Mortalidad General Total (Por mil Habitantes), 6.583389601620527
Peralillo,  Tasa de Mortalidad General Hombre (Por mil Hombres), 7.061197041022193
Peralillo,  Tasa de Mortalidad General Mujer (Por mil Mujeres), 6.101694915254237
Palmilla,  Tasa de Mortalidad General Total (Por mil Habitantes), 6.9178133694262725
Palmilla,  Tasa de Mortalidad General Hombre (Por mil Hombres), 8.652842011039834
Palmilla,  Tasa de Mortalidad General Mujer (Por mil Mujeres), 5.154639175257732
San Fernando,  Tasa de Mortalidad General Total (Por mil Habitantes), 6.332494087129015
San Fernando,  Tasa de Mortalidad General Hombre (Por mil Hombres), 6.387563490841926
San Fernando,  Tasa de Mortalidad General Mujer (Por mil Mujeres), 6.278366111951589
Pumanque,  Tasa de Mortalidad General Total (Por mil Habitantes), 9.062588501840837
Pumanque,  Tasa de Mortalidad General Hombre (Por mil Hombres), 11.179429849077696
Pumanque,  Tasa de Mortalidad General Mujer (Por mil Mujeres), 6.8886337543053955
Placilla,  Tasa de Mortalidad General Total (Por mil Habitantes), 7.2020951549541685
Placilla,  Tasa de Mortalidad General Hombre (Por mil Hombres), 7.15679895901106
Placilla,  Tasa de Mortalidad General Mujer (Por mil Mujeres), 7.2479683725016475
Santa Cruz,  Tasa de Mortalidad General Total (Por mil Habitantes), 7.202647459606774
Santa Cruz,  Tasa de Mortalidad General Hombre (Por mil Hombres), 8.554110861276762
Santa Cruz,  Tasa de Mortalidad General Mujer (Por mil Mujeres), 5.862971218141293
Paredones,  Tasa de Mortalidad General Total (Por mil Habitantes), 8.977791778232794
Paredones,  Tasa de Mortalidad General Hombre (Por mil Hombres), 8.98110870238464
Paredones,  Tasa de Mortalidad General Mujer (Por mil Mujeres), 8.974358974358974
Nancagua,  Tasa de Mortalidad General Total (Por mil Habitantes), 6.269264928687112
Nancagua,  Tasa de Mortalidad General Hombre (Por mil Hombres), 7.7405857740585775
Nancagua,  Tasa de Mortalidad General Mujer (Por mil Mujeres), 4.801168980273458
Chimbarongo,  Tasa de Mortalidad General Total (Por mil Habitantes), 6.738115449915111
Chimbarongo,  Tasa de Mortalidad General Hombre (Por mil Hombres), 7.648486127228611
Chimbarongo,  Tasa de Mortalidad General Mujer (Por mil Mujeres), 5.817056249332906
Lolol,  Tasa de Mortalidad General Total (Por mil Habitantes), 6.996844560296337
Lolol,  Tasa de Mortalidad General Hombre (Por mil Hombres), 8.700380641653071
Lolol,  Tasa de Mortalidad General Mujer (Por mil Mujeres), 5.261700360011077
Chépica,  Tasa de Mortalidad General Total (Por mil Habitantes), 8.414442700156986
Chépica,  Tasa de Mortalidad General Hombre (Por mil Hombres), 9.365634365634365
Chépica,  Tasa de Mortalidad General Mujer (Por mil Mujeres), 7.452317797145383
Teno,  Tasa de Mortalidad General Total (Por mil Habitantes), 7.163695299837926
Teno,  Tasa de Mortalidad General Hombre (Por mil Hombres), 8.251575596127607
Teno,  Tasa de Mortalidad General Mujer (Por mil Mujeres), 6.080600297561291
Vichuquén,  Tasa de Mortalidad General Total (Por mil Habitantes), 5.70645971239443
Vichuquén,  Tasa de Mortalidad General Hombre (Por mil Hombres), 6.855575868372943
Vichuquén,  Tasa de Mortalidad General Mujer (Por mil Mujeres), 4.559963520291838
Rauco,  Tasa de Mortalidad General Total (Por mil Habitantes), 6.312233285917497
Rauco,  Tasa de Mortalidad General Hombre (Por mil Hombres), 6.822262118491921
Rauco,  Tasa de Mortalidad General Mujer (Por mil Mujeres), 5.811905600563579
Romeral,  Tasa de Mortalidad General Total (Por mil Habitantes), 6.0606060606060606
Romeral,  Tasa de Mortalidad General Hombre (Por mil Hombres), 7.760670922518463
Romeral,  Tasa de Mortalidad General Mujer (Por mil Mujeres), 4.4004400440044
Hualañé,  Tasa de Mortalidad General Total (Por mil Habitantes), 7.9240853062023096
Hualañé,  Tasa de Mortalidad General Hombre (Por mil Hombres), 9.624828128069142
Hualañé,  Tasa de Mortalidad General Mujer (Por mil Mujeres), 6.236601052426427
Curicó,  Tasa de Mortalidad General Total (Por mil Habitantes), 6.160390158043343
Curicó,  Tasa de Mortalidad General Hombre (Por mil Hombres), 6.774764004084784
Curicó,  Tasa de Mortalidad General Mujer (Por mil Mujeres), 5.568356374807988
Licantén,  Tasa de Mortalidad General Total (Por mil Habitantes), 6.295607383030476
Licantén,  Tasa de Mortalidad General Hombre (Por mil Hombres), 6.898534061511929
Licantén,  Tasa de Mortalidad General Mujer (Por mil Mujeres), 5.698005698005698
Sagrada Familia,  Tasa de Mortalidad General Total (Por mil Habitantes), 6.625918126251991
Sagrada Familia,  Tasa de Mortalidad General Hombre (Por mil Hombres), 6.707254153338149
Sagrada Familia,  Tasa de Mortalidad General Mujer (Por mil Mujeres), 6.545305788504807
Curepto,  Tasa de Mortalidad General Total (Por mil Habitantes), 9.017610863568853
Curepto,  Tasa de Mortalidad General Hombre (Por mil Hombres), 10.374761803938174
Curepto,  Tasa de Mortalidad General Mujer (Por mil Mujeres), 7.654688496704232
Molina,  Tasa de Mortalidad General Total (Por mil Habitantes), 7.329317269076306
Molina,  Tasa de Mortalidad General Hombre (Por mil Hombres), 8.123775310254734
Molina,  Tasa de Mortalidad General Mujer (Por mil Mujeres), 6.560227631994942
Río Claro,  Tasa de Mortalidad General Total (Por mil Habitantes), 6.2360197925845595
Río Claro,  Tasa de Mortalidad General Hombre (Por mil Hombres), 9.301698571043408
Río Claro,  Tasa de Mortalidad General Mujer (Por mil Mujeres), 3.1356509884117245
San Rafael,  Tasa de Mortalidad General Total (Por mil Habitantes), 6.225524651069384
San Rafael,  Tasa de Mortalidad General Hombre (Por mil Hombres), 8.704453441295547
San Rafael,  Tasa de Mortalidad General Mujer (Por mil Mujeres), 3.785614664275752
Constitución,  Tasa de Mortalidad General Total (Por mil Habitantes), 5.918805116389926
Constitución,  Tasa de Mortalidad General Hombre (Por mil Hombres), 6.568144499178982
Constitución,  Tasa de Mortalidad General Mujer (Por mil Mujeres), 5.279955869025573
Pelarco,  Tasa de Mortalidad General Total (Por mil Habitantes), 8.036992183199384
Pelarco,  Tasa de Mortalidad General Hombre (Por mil Hombres), 7.530454042081949
Pelarco,  Tasa de Mortalidad General Mujer (Por mil Mujeres), 8.537653239929947
Pencahue,  Tasa de Mortalidad General Total (Por mil Habitantes), 8.487385187768865
Pencahue,  Tasa de Mortalidad General Hombre (Por mil Hombres), 12.070566388115136
Pencahue,  Tasa de Mortalidad General Mujer (Por mil Mujeres), 4.8916841369671555
Talca,  Tasa de Mortalidad General Total (Por mil Habitantes), 6.5519338977036545
Talca,  Tasa de Mortalidad General Hombre (Por mil Hombres), 7.078356364014885
Talca,  Tasa de Mortalidad General Mujer (Por mil Mujeres), 6.0357533987138
Maule,  Tasa de Mortalidad General Total (Por mil Habitantes), 3.3333333333333335
Maule,  Tasa de Mortalidad General Hombre (Por mil Hombres), 3.843406686847386
Maule,  Tasa de Mortalidad General Mujer (Por mil Mujeres), 2.8432301709206182
San Clemente,  Tasa de Mortalidad General Total (Por mil Habitantes), 6.480601399809902
San Clemente,  Tasa de Mortalidad General Hombre (Por mil Hombres), 7.592948158491883
San Clemente,  Tasa de Mortalidad General Mujer (Por mil Mujeres), 5.3901437371663246
Empedrado,  Tasa de Mortalidad General Total (Por mil Habitantes), 7.608178792201617
Empedrado,  Tasa de Mortalidad General Hombre (Por mil Hombres), 9.389671361502348
Empedrado,  Tasa de Mortalidad General Mujer (Por mil Mujeres), 5.780346820809248
San Javier,  Tasa de Mortalidad General Total (Por mil Habitantes), 7.3203777476694105
San Javier,  Tasa de Mortalidad General Hombre (Por mil Hombres), 8.102856670387366
San Javier,  Tasa de Mortalidad General Mujer (Por mil Mujeres), 6.571134510331723
Villa Alegre,  Tasa de Mortalidad General Total (Por mil Habitantes), 7.651895842850617
Villa Alegre,  Tasa de Mortalidad General Hombre (Por mil Hombres), 8.175659892548468
Villa Alegre,  Tasa de Mortalidad General Mujer (Por mil Mujeres), 7.150837988826816
Colbún,  Tasa de Mortalidad General Total (Por mil Habitantes), 7.046310658098825
Colbún,  Tasa de Mortalidad General Hombre (Por mil Hombres), 8.629213483146067
Colbún,  Tasa de Mortalidad General Mujer (Por mil Mujeres), 5.506993006993007
Chanco,  Tasa de Mortalidad General Total (Por mil Habitantes), 9.00225056264066
Chanco,  Tasa de Mortalidad General Hombre (Por mil Hombres), 8.005192557334487
Chanco,  Tasa de Mortalidad General Mujer (Por mil Mujeres), 9.980887661923974
Yerbas Buenas,  Tasa de Mortalidad General Total (Por mil Habitantes), 7.03125
Yerbas Buenas,  Tasa de Mortalidad General Hombre (Por mil Hombres), 8.585488430530834
Yerbas Buenas,  Tasa de Mortalidad General Mujer (Por mil Mujeres), 5.492797181055032
Pelluhue,  Tasa de Mortalidad General Total (Por mil Habitantes), 6.549678695007415
Pelluhue,  Tasa de Mortalidad General Hombre (Por mil Hombres), 8.002000500125032
Pelluhue,  Tasa de Mortalidad General Mujer (Por mil Mujeres), 5.130710969948693
Linares,  Tasa de Mortalidad General Total (Por mil Habitantes), 7.252184064982735
Linares,  Tasa de Mortalidad General Hombre (Por mil Hombres), 7.756514657980456
Linares,  Tasa de Mortalidad General Mujer (Por mil Mujeres), 6.7561064808576985
Longaví,  Tasa de Mortalidad General Total (Por mil Habitantes), 6.613837244742457
Longaví,  Tasa de Mortalidad General Hombre (Por mil Hombres), 7.815839286804665
Longaví,  Tasa de Mortalidad General Mujer (Por mil Mujeres), 5.415931357634029
Cauquenes,  Tasa de Mortalidad General Total (Por mil Habitantes), 9.061459348028
Cauquenes,  Tasa de Mortalidad General Hombre (Por mil Hombres), 10.372093023255815
Cauquenes,  Tasa de Mortalidad General Mujer (Por mil Mujeres), 7.816985381795698
Retiro,  Tasa de Mortalidad General Total (Por mil Habitantes), 7.0238716719662095
Retiro,  Tasa de Mortalidad General Hombre (Por mil Hombres), 7.454128440366973
Retiro,  Tasa de Mortalidad General Mujer (Por mil Mujeres), 6.59941548034317
Cobquecura (Región del Ñuble),  Tasa de Mortalidad General Total (Por mil Habitantes), 8.720379146919433
Cobquecura (Región del Ñuble),  Tasa de Mortalidad General Hombre (Por mil Hombres), 10.046367851622875
Cobquecura (Región del Ñuble),  Tasa de Mortalidad General Mujer (Por mil Mujeres), 7.44324525493115
Parral,  Tasa de Mortalidad General Total (Por mil Habitantes), 7.273706896551724
Parral,  Tasa de Mortalidad General Hombre (Por mil Hombres), 8.120383539019132
Parral,  Tasa de Mortalidad General Mujer (Por mil Mujeres), 6.46239064492021
Quirihue (Región del Ñuble),  Tasa de Mortalidad General Total (Por mil Habitantes), 11.400918635170603
Quirihue (Región del Ñuble),  Tasa de Mortalidad General Hombre (Por mil Hombres), 11.596638655462186
Quirihue (Región del Ñuble),  Tasa de Mortalidad General Mujer (Por mil Mujeres), 11.214354373598205
Ñiquén (Región del Ñuble),  Tasa de Mortalidad General Total (Por mil Habitantes), 7.175585717990836
Ñiquén (Región del Ñuble),  Tasa de Mortalidad General Hombre (Por mil Hombres), 9.417509591907917
Ñiquén (Región del Ñuble),  Tasa de Mortalidad General Mujer (Por mil Mujeres), 4.971712669295389
Ninhue (Región del Ñuble),  Tasa de Mortalidad General Total (Por mil Habitantes), 8.496490579977836
Ninhue (Región del Ñuble),  Tasa de Mortalidad General Hombre (Por mil Hombres), 8.30188679245283
Ninhue (Región del Ñuble),  Tasa de Mortalidad General Mujer (Por mil Mujeres), 8.683068017366137
San Carlos (Región del Ñuble),  Tasa de Mortalidad General Total (Por mil Habitantes), 7.999715565668777
San Carlos (Región del Ñuble),  Tasa de Mortalidad General Hombre (Por mil Hombres), 8.849232576925901
San Carlos (Región del Ñuble),  Tasa de Mortalidad General Mujer (Por mil Mujeres), 7.202426080363912
Treguaco (Región del Ñuble),  Tasa de Mortalidad General Total (Por mil Habitantes), 8.251404494382022
Treguaco (Región del Ñuble),  Tasa de Mortalidad General Hombre (Por mil Hombres), 8.893632159373887
Treguaco (Región del Ñuble),  Tasa de Mortalidad General Mujer (Por mil Mujeres), 7.625649913344888
Coelemu (Región del Ñuble),  Tasa de Mortalidad General Total (Por mil Habitantes), 7.954882754526566
Coelemu (Región del Ñuble),  Tasa de Mortalidad General Hombre (Por mil Hombres), 8.361609306834707
Coelemu (Región del Ñuble),  Tasa de Mortalidad General Mujer (Por mil Mujeres), 7.564296520423601
San Nicolás (Región del Ñuble),  Tasa de Mortalidad General Total (Por mil Habitantes), 6.572461386789352
San Nicolás (Región del Ñuble),  Tasa de Mortalidad General Hombre (Por mil Hombres), 6.369426751592357
San Nicolás (Región del Ñuble),  Tasa de Mortalidad General Mujer (Por mil Mujeres), 6.76764421527554
Portezuelo (Región del Ñuble),  Tasa de Mortalidad General Total (Por mil Habitantes), 9.109311740890687
Portezuelo (Región del Ñuble),  Tasa de Mortalidad General Hombre (Por mil Hombres), 11.978521272201569
Portezuelo (Región del Ñuble),  Tasa de Mortalidad General Mujer (Por mil Mujeres), 6.351726875744343
San Fabián (Región del Ñuble),  Tasa de Mortalidad General Total (Por mil Habitantes), 6.8758057584873224
San Fabián (Región del Ñuble),  Tasa de Mortalidad General Hombre (Por mil Hombres), 8.307826847398339
San Fabián (Región del Ñuble),  Tasa de Mortalidad General Mujer (Por mil Mujeres), 5.492184199408534
Chillán (Región del Ñuble),  Tasa de Mortalidad General Total (Por mil Habitantes), 6.806830997261157
Chillán (Región del Ñuble),  Tasa de Mortalidad General Hombre (Por mil Hombres), 7.6856758348052825
Chillán (Región del Ñuble),  Tasa de Mortalidad General Mujer (Por mil Mujeres), 5.999304428472061
Tomé,  Tasa de Mortalidad General Total (Por mil Habitantes), 7.01527354458615
Tomé,  Tasa de Mortalidad General Hombre (Por mil Hombres), 7.904166373919764
Tomé,  Tasa de Mortalidad General Mujer (Por mil Mujeres), 6.179162673892211
Coihueco (Región del Ñuble),  Tasa de Mortalidad General Total (Por mil Habitantes), 6.942731277533039
Coihueco (Región del Ñuble),  Tasa de Mortalidad General Hombre (Por mil Hombres), 8.117816091954023
Coihueco (Región del Ñuble),  Tasa de Mortalidad General Mujer (Por mil Mujeres), 5.811138014527844
Chillán Viejo (Región del Ñuble),  Tasa de Mortalidad General Total (Por mil Habitantes), 4.759511632719426
Chillán Viejo (Región del Ñuble),  Tasa de Mortalidad General Hombre (Por mil Hombres), 4.685284507736884
Chillán Viejo (Región del Ñuble),  Tasa de Mortalidad General Mujer (Por mil Mujeres), 4.827899579688743
Ránquil (Región del Ñuble),  Tasa de Mortalidad General Total (Por mil Habitantes), 7.506788053026673
Ránquil (Región del Ñuble),  Tasa de Mortalidad General Hombre (Por mil Hombres), 9.150326797385622
Ránquil (Región del Ñuble),  Tasa de Mortalidad General Mujer (Por mil Mujeres), 5.935645110902843
Pinto (Región del Ñuble),  Tasa de Mortalidad General Total (Por mil Habitantes), 8.080808080808081
Pinto (Región del Ñuble),  Tasa de Mortalidad General Hombre (Por mil Hombres), 9.991386735572783
Pinto (Región del Ñuble),  Tasa de Mortalidad General Mujer (Por mil Mujeres), 6.255144032921811
Penco,  Tasa de Mortalidad General Total (Por mil Habitantes), 6.276947758949163
Penco,  Tasa de Mortalidad General Hombre (Por mil Hombres), 6.397556546144956
Penco,  Tasa de Mortalidad General Mujer (Por mil Mujeres), 6.162967585910988
Bulnes (Región del Ñuble),  Tasa de Mortalidad General Total (Por mil Habitantes), 7.121687972751802
Bulnes (Región del Ñuble),  Tasa de Mortalidad General Hombre (Por mil Hombres), 7.830283164891195
Bulnes (Región del Ñuble),  Tasa de Mortalidad General Mujer (Por mil Mujeres), 6.45216792842395
Quillón (Región del Ñuble),  Tasa de Mortalidad General Total (Por mil Habitantes), 7.988496564946478
Quillón (Región del Ñuble),  Tasa de Mortalidad General Hombre (Por mil Hombres), 8.050478677110531
Quillón (Región del Ñuble),  Tasa de Mortalidad General Mujer (Por mil Mujeres), 7.92905581637976
Talcahuano,  Tasa de Mortalidad General Total (Por mil Habitantes), 7.161577567968676
Talcahuano,  Tasa de Mortalidad General Hombre (Por mil Hombres), 7.806826434277415
Talcahuano,  Tasa de Mortalidad General Mujer (Por mil Mujeres), 6.5490625730922165
Hualpén,  Tasa de Mortalidad General Total (Por mil Habitantes), 6.43549597524493
Hualpén,  Tasa de Mortalidad General Hombre (Por mil Hombres), 6.192869716442917
Hualpén,  Tasa de Mortalidad General Mujer (Por mil Mujeres), 6.663740473245281
San Ignacio (Región del Ñuble),  Tasa de Mortalidad General Total (Por mil Habitantes), 8.782483156881618
San Ignacio (Región del Ñuble),  Tasa de Mortalidad General Hombre (Por mil Hombres), 11.19311193111931
San Ignacio (Región del Ñuble),  Tasa de Mortalidad General Mujer (Por mil Mujeres), 6.475158935719331
Concepción,  Tasa de Mortalidad General Total (Por mil Habitantes), 6.724291450363725
Concepción,  Tasa de Mortalidad General Hombre (Por mil Hombres), 7.118296434819328
Concepción,  Tasa de Mortalidad General Mujer (Por mil Mujeres), 6.349700539929375
Florida,  Tasa de Mortalidad General Total (Por mil Habitantes), 8.191875686175154
Florida,  Tasa de Mortalidad General Hombre (Por mil Hombres), 11.794871794871796
Florida,  Tasa de Mortalidad General Mujer (Por mil Mujeres), 4.673677182440327
San Pedro De La Paz,  Tasa de Mortalidad General Total (Por mil Habitantes), 4.722218414595698
San Pedro De La Paz,  Tasa de Mortalidad General Hombre (Por mil Hombres), 4.622300124392175
San Pedro De La Paz,  Tasa de Mortalidad General Mujer (Por mil Mujeres), 4.816263537425828
El Carmen (Región del Ñuble),  Tasa de Mortalidad General Total (Por mil Habitantes), 9.729203826820171
El Carmen (Región del Ñuble),  Tasa de Mortalidad General Hombre (Por mil Hombres), 11.718105297903945
El Carmen (Región del Ñuble),  Tasa de Mortalidad General Mujer (Por mil Mujeres), 7.808764940239044
Chiguayante,  Tasa de Mortalidad General Total (Por mil Habitantes), 5.746874314542663
Chiguayante,  Tasa de Mortalidad General Hombre (Por mil Hombres), 6.0052574329224075
Chiguayante,  Tasa de Mortalidad General Mujer (Por mil Mujeres), 5.504548159483125
Hualqui,  Tasa de Mortalidad General Total (Por mil Habitantes), 6.48830197320713
Hualqui,  Tasa de Mortalidad General Hombre (Por mil Hombres), 6.511846853914953
Hualqui,  Tasa de Mortalidad General Mujer (Por mil Mujeres), 6.465997770345597
Pemuco (Región del Ñuble),  Tasa de Mortalidad General Total (Por mil Habitantes), 8.681560365783078
Pemuco (Región del Ñuble),  Tasa de Mortalidad General Hombre (Por mil Hombres), 11.969021356489087
Pemuco (Región del Ñuble),  Tasa de Mortalidad General Mujer (Por mil Mujeres), 5.48195523069895
Coronel,  Tasa de Mortalidad General Total (Por mil Habitantes), 6.318098371599552
Coronel,  Tasa de Mortalidad General Hombre (Por mil Hombres), 6.768244833900079
Coronel,  Tasa de Mortalidad General Mujer (Por mil Mujeres), 5.8922689101622305
Cabrero,  Tasa de Mortalidad General Total (Por mil Habitantes), 5.63059397884459
Cabrero,  Tasa de Mortalidad General Hombre (Por mil Hombres), 6.366892160764027
Cabrero,  Tasa de Mortalidad General Mujer (Por mil Mujeres), 4.92107113184636
Lota,  Tasa de Mortalidad General Total (Por mil Habitantes), 8.087431693989071
Lota,  Tasa de Mortalidad General Hombre (Por mil Hombres), 8.418790022838207
Lota,  Tasa de Mortalidad General Mujer (Por mil Mujeres), 7.771467611768223
Yumbel,  Tasa de Mortalidad General Total (Por mil Habitantes), 9.127055846737754
Yumbel,  Tasa de Mortalidad General Hombre (Por mil Hombres), 10.7080217852857
Yumbel,  Tasa de Mortalidad General Mujer (Por mil Mujeres), 7.611293034781839
Yungay (Región del Ñuble),  Tasa de Mortalidad General Total (Por mil Habitantes), 7.420950742095075
Yungay (Región del Ñuble),  Tasa de Mortalidad General Hombre (Por mil Hombres), 7.754477937964177
Yungay (Región del Ñuble),  Tasa de Mortalidad General Mujer (Por mil Mujeres), 7.0974576271186445
Santa Juana,  Tasa de Mortalidad General Total (Por mil Habitantes), 9.405237160836322
Santa Juana,  Tasa de Mortalidad General Hombre (Por mil Hombres), 11.178581286226883
Santa Juana,  Tasa de Mortalidad General Mujer (Por mil Mujeres), 7.699455728129563
Arauco,  Tasa de Mortalidad General Total (Por mil Habitantes), 6.282478864500117
Arauco,  Tasa de Mortalidad General Hombre (Por mil Hombres), 7.167703172762728
Arauco,  Tasa de Mortalidad General Mujer (Por mil Mujeres), 5.4300938848008125
San Rosendo,  Tasa de Mortalidad General Total (Por mil Habitantes), 8.584879534754915
San Rosendo,  Tasa de Mortalidad General Hombre (Por mil Hombres), 9.582863585118377
San Rosendo,  Tasa de Mortalidad General Mujer (Por mil Mujeres), 7.621121393576484
Laja,  Tasa de Mortalidad General Total (Por mil Habitantes), 7.372345327357265
Laja,  Tasa de Mortalidad General Hombre (Por mil Hombres), 8.475301772108551
Laja,  Tasa de Mortalidad General Mujer (Por mil Mujeres), 6.315616797900263
Tucapel,  Tasa de Mortalidad General Total (Por mil Habitantes), 7.892140743176586
Tucapel,  Tasa de Mortalidad General Hombre (Por mil Hombres), 8.744786761738194
Tucapel,  Tasa de Mortalidad General Mujer (Por mil Mujeres), 7.076685537828101
Antuco,  Tasa de Mortalidad General Total (Por mil Habitantes), 8.824895494658616
Antuco,  Tasa de Mortalidad General Hombre (Por mil Hombres), 8.538899430740038
Antuco,  Tasa de Mortalidad General Mujer (Por mil Mujeres), 9.099181073703367
Los Ángeles,  Tasa de Mortalidad General Total (Por mil Habitantes), 6.022469853328147
Los Ángeles,  Tasa de Mortalidad General Hombre (Por mil Hombres), 6.99569928822281
Los Ángeles,  Tasa de Mortalidad General Mujer (Por mil Mujeres), 5.09725854973621
Quilleco,  Tasa de Mortalidad General Total (Por mil Habitantes), 7.974481658692184
Quilleco,  Tasa de Mortalidad General Hombre (Por mil Hombres), 10.344827586206897
Quilleco,  Tasa de Mortalidad General Mujer (Por mil Mujeres), 5.6840454723637786
Curanilahue,  Tasa de Mortalidad General Total (Por mil Habitantes), 7.966481765608404
Curanilahue,  Tasa de Mortalidad General Hombre (Por mil Hombres), 8.365934396629552
Curanilahue,  Tasa de Mortalidad General Mujer (Por mil Mujeres), 7.582334896104648
Nacimiento,  Tasa de Mortalidad General Total (Por mil Habitantes), 6.298310907529345
Nacimiento,  Tasa de Mortalidad General Hombre (Por mil Hombres), 7.719758211346588
Nacimiento,  Tasa de Mortalidad General Mujer (Por mil Mujeres), 4.925068599169774
Negrete,  Tasa de Mortalidad General Total (Por mil Habitantes), 7.766804103940934
Negrete,  Tasa de Mortalidad General Hombre (Por mil Hombres), 9.160007795751316
Negrete,  Tasa de Mortalidad General Mujer (Por mil Mujeres), 6.417516043790109
Lebu,  Tasa de Mortalidad General Total (Por mil Habitantes), 7.158671586715867
Lebu,  Tasa de Mortalidad General Hombre (Por mil Hombres), 8.377990791757867
Lebu,  Tasa de Mortalidad General Mujer (Por mil Mujeres), 5.992347122951411
Los Álamos,  Tasa de Mortalidad General Total (Por mil Habitantes), 5.993606819392648
Los Álamos,  Tasa de Mortalidad General Hombre (Por mil Hombres), 7.007644703312704
Los Álamos,  Tasa de Mortalidad General Mujer (Por mil Mujeres), 5.027739251040222
Santa Bárbara,  Tasa de Mortalidad General Total (Por mil Habitantes), 7.743969298245614
Santa Bárbara,  Tasa de Mortalidad General Hombre (Por mil Hombres), 9.23464390653421
Santa Bárbara,  Tasa de Mortalidad General Mujer (Por mil Mujeres), 6.312961719274681
Renaico,  Tasa de Mortalidad General Total (Por mil Habitantes), 7.2925320779100895
Renaico,  Tasa de Mortalidad General Hombre (Por mil Hombres), 7.413039346131914
Renaico,  Tasa de Mortalidad General Mujer (Por mil Mujeres), 7.178750897343861
Quilaco,  Tasa de Mortalidad General Total (Por mil Habitantes), 8.614501076812635
Quilaco,  Tasa de Mortalidad General Hombre (Por mil Hombres), 10.14983083615273
Quilaco,  Tasa de Mortalidad General Mujer (Por mil Mujeres), 7.109004739336492
Mulchén,  Tasa de Mortalidad General Total (Por mil Habitantes), 6.9263232498953
Mulchén,  Tasa de Mortalidad General Hombre (Por mil Hombres), 7.423953748111162
Mulchén,  Tasa de Mortalidad General Mujer (Por mil Mujeres), 6.447534766118837
Angol,  Tasa de Mortalidad General Total (Por mil Habitantes), 7.724142852046095
Angol,  Tasa de Mortalidad General Hombre (Por mil Hombres), 8.37065863866657
Angol,  Tasa de Mortalidad General Mujer (Por mil Mujeres), 7.113115891741846
Cañete,  Tasa de Mortalidad General Total (Por mil Habitantes), 8.080425911412588
Cañete,  Tasa de Mortalidad General Hombre (Por mil Hombres), 9.49630699172544
Cañete,  Tasa de Mortalidad General Mujer (Por mil Mujeres), 6.738260686460308
Alto Biobío,  Tasa de Mortalidad General Total (Por mil Habitantes), 6.199261992619927
Alto Biobío,  Tasa de Mortalidad General Hombre (Por mil Hombres), 7.142857142857142
Alto Biobío,  Tasa de Mortalidad General Mujer (Por mil Mujeres), 5.270863836017569
Collipulli,  Tasa de Mortalidad General Total (Por mil Habitantes), 7.189842435367906
Collipulli,  Tasa de Mortalidad General Hombre (Por mil Hombres), 7.09717672749961
Collipulli,  Tasa de Mortalidad General Mujer (Por mil Mujeres), 7.279003451898544
Los Sauces,  Tasa de Mortalidad General Total (Por mil Habitantes), 9.31222562192364
Los Sauces,  Tasa de Mortalidad General Hombre (Por mil Hombres), 10.495156081808396
Los Sauces,  Tasa de Mortalidad General Mujer (Por mil Mujeres), 8.155748487240201
Contulmo,  Tasa de Mortalidad General Total (Por mil Habitantes), 8.214849921011059
Contulmo,  Tasa de Mortalidad General Hombre (Por mil Hombres), 11.196417146513117
Contulmo,  Tasa de Mortalidad General Mujer (Por mil Mujeres), 5.305867665418227
Purén,  Tasa de Mortalidad General Total (Por mil Habitantes), 8.36888743025927
Purén,  Tasa de Mortalidad General Hombre (Por mil Hombres), 8.910558170813719
Purén,  Tasa de Mortalidad General Mujer (Por mil Mujeres), 7.852564102564102
Ercilla,  Tasa de Mortalidad General Total (Por mil Habitantes), 9.222038306928352
Ercilla,  Tasa de Mortalidad General Hombre (Por mil Hombres), 11.750599520383693
Ercilla,  Tasa de Mortalidad General Mujer (Por mil Mujeres), 6.763059701492537
Lumaco,  Tasa de Mortalidad General Total (Por mil Habitantes), 7.6616915422885565
Lumaco,  Tasa de Mortalidad General Hombre (Por mil Hombres), 9.508716323296355
Lumaco,  Tasa de Mortalidad General Mujer (Por mil Mujeres), 5.7976809276289485
Victoria,  Tasa de Mortalidad General Total (Por mil Habitantes), 8.373981447542787
Victoria,  Tasa de Mortalidad General Hombre (Por mil Hombres), 9.039286128172442
Victoria,  Tasa de Mortalidad General Mujer (Por mil Mujeres), 7.743423581745291
Traiguén,  Tasa de Mortalidad General Total (Por mil Habitantes), 9.837423630527079
Traiguén,  Tasa de Mortalidad General Hombre (Por mil Hombres), 11.644055122315992
Traiguén,  Tasa de Mortalidad General Mujer (Por mil Mujeres), 8.138249773937506
Tirúa,  Tasa de Mortalidad General Total (Por mil Habitantes), 6.534168254832562
Tirúa,  Tasa de Mortalidad General Hombre (Por mil Hombres), 8.488651042627792
Tirúa,  Tasa de Mortalidad General Mujer (Por mil Mujeres), 4.642857142857143
Galvarino,  Tasa de Mortalidad General Total (Por mil Habitantes), 8.390722710361752
Galvarino,  Tasa de Mortalidad General Hombre (Por mil Hombres), 9.388924252068746
Galvarino,  Tasa de Mortalidad General Mujer (Por mil Mujeres), 7.402740589069145
Perquenco,  Tasa de Mortalidad General Total (Por mil Habitantes), 6.506991554755642
Perquenco,  Tasa de Mortalidad General Hombre (Por mil Hombres), 7.592800899887513
Perquenco,  Tasa de Mortalidad General Mujer (Por mil Mujeres), 5.45404963185165
Curacautín,  Tasa de Mortalidad General Total (Por mil Habitantes), 9.24194080756959
Curacautín,  Tasa de Mortalidad General Hombre (Por mil Hombres), 10.266245487364621
Curacautín,  Tasa de Mortalidad General Mujer (Por mil Mujeres), 8.267124758428173
Lonquimay,  Tasa de Mortalidad General Total (Por mil Habitantes), 6.606932754095393
Lonquimay,  Tasa de Mortalidad General Hombre (Por mil Hombres), 6.6907775768535265
Lonquimay,  Tasa de Mortalidad General Mujer (Por mil Mujeres), 6.522920818988948
Lautaro,  Tasa de Mortalidad General Total (Por mil Habitantes), 7.460855053256761
Lautaro,  Tasa de Mortalidad General Hombre (Por mil Hombres), 8.348001005783253
Lautaro,  Tasa de Mortalidad General Mujer (Por mil Mujeres), 6.615214994487321
Cholchol,  Tasa de Mortalidad General Total (Por mil Habitantes), 8.184101774572563
Cholchol,  Tasa de Mortalidad General Hombre (Por mil Hombres), 9.993446920052424
Cholchol,  Tasa de Mortalidad General Mujer (Por mil Mujeres), 6.4133397466730795
Vilcún,  Tasa de Mortalidad General Total (Por mil Habitantes), 6.468179158811675
Vilcún,  Tasa de Mortalidad General Hombre (Por mil Hombres), 6.888329580076832
Vilcún,  Tasa de Mortalidad General Mujer (Por mil Mujeres), 6.063313760531019
Carahue,  Tasa de Mortalidad General Total (Por mil Habitantes), 8.279055167542964
Carahue,  Tasa de Mortalidad General Hombre (Por mil Hombres), 9.118300031715826
Carahue,  Tasa de Mortalidad General Mujer (Por mil Mujeres), 7.456889855522759
Temuco,  Tasa de Mortalidad General Total (Por mil Habitantes), 5.945248257854098
Temuco,  Tasa de Mortalidad General Hombre (Por mil Hombres), 6.168253600419851
Temuco,  Tasa de Mortalidad General Mujer (Por mil Mujeres), 5.735794945330704
Nueva Imperial,  Tasa de Mortalidad General Total (Por mil Habitantes), 8.408088344139502
Nueva Imperial,  Tasa de Mortalidad General Hombre (Por mil Hombres), 10.404064843939027
Nueva Imperial,  Tasa de Mortalidad General Mujer (Por mil Mujeres), 6.494636126413453
Padre Las Casas,  Tasa de Mortalidad General Total (Por mil Habitantes), 5.748386311046158
Padre Las Casas,  Tasa de Mortalidad General Hombre (Por mil Hombres), 6.6068312141610575
Padre Las Casas,  Tasa de Mortalidad General Mujer (Por mil Mujeres), 4.928571428571429
Saavedra,  Tasa de Mortalidad General Total (Por mil Habitantes), 10.161807238333465
Saavedra,  Tasa de Mortalidad General Hombre (Por mil Hombres), 13.022074003493728
Saavedra,  Tasa de Mortalidad General Mujer (Por mil Mujeres), 7.389162561576354
Melipeuco,  Tasa de Mortalidad General Total (Por mil Habitantes), 7.82122905027933
Melipeuco,  Tasa de Mortalidad General Hombre (Por mil Hombres), 7.083065035415325
Melipeuco,  Tasa de Mortalidad General Mujer (Por mil Mujeres), 8.547008547008549
Cunco,  Tasa de Mortalidad General Total (Por mil Habitantes), 8.695652173913043
Cunco,  Tasa de Mortalidad General Hombre (Por mil Hombres), 9.713073573741209
Cunco,  Tasa de Mortalidad General Mujer (Por mil Mujeres), 7.6939986810287975
Freire,  Tasa de Mortalidad General Total (Por mil Habitantes), 9.156645445256622
Freire,  Tasa de Mortalidad General Hombre (Por mil Hombres), 10.279117577291057
Freire,  Tasa de Mortalidad General Mujer (Por mil Mujeres), 8.047503711227439
Pitrufquén,  Tasa de Mortalidad General Total (Por mil Habitantes), 7.664009809932557
Pitrufquén,  Tasa de Mortalidad General Hombre (Por mil Hombres), 8.979206049149338
Pitrufquén,  Tasa de Mortalidad General Mujer (Por mil Mujeres), 6.343283582089552
Teodoro Schmidt,  Tasa de Mortalidad General Total (Por mil Habitantes), 8.868617762574432
Teodoro Schmidt,  Tasa de Mortalidad General Hombre (Por mil Hombres), 11.118210862619808
Teodoro Schmidt,  Tasa de Mortalidad General Mujer (Por mil Mujeres), 6.657455093581208
Gorbea,  Tasa de Mortalidad General Total (Por mil Habitantes), 8.119883813044627
Gorbea,  Tasa de Mortalidad General Hombre (Por mil Hombres), 8.518117901568417
Gorbea,  Tasa de Mortalidad General Mujer (Por mil Mujeres), 7.739938080495356
Toltén,  Tasa de Mortalidad General Total (Por mil Habitantes), 8.950770760815516
Toltén,  Tasa de Mortalidad General Hombre (Por mil Hombres), 10.187774670395525
Toltén,  Tasa de Mortalidad General Mujer (Por mil Mujeres), 7.7243018419489005
Pucón,  Tasa de Mortalidad General Total (Por mil Habitantes), 5.439527231213485
Pucón,  Tasa de Mortalidad General Hombre (Por mil Hombres), 5.9957757034816375
Pucón,  Tasa de Mortalidad General Mujer (Por mil Mujeres), 4.8990400529625955
Villarrica,  Tasa de Mortalidad General Total (Por mil Habitantes), 6.141820212171971
Villarrica,  Tasa de Mortalidad General Hombre (Por mil Hombres), 7.144089732528041
Villarrica,  Tasa de Mortalidad General Mujer (Por mil Mujeres), 5.177907594264472
Curarrehue,  Tasa de Mortalidad General Total (Por mil Habitantes), 5.511407331453474
Curarrehue,  Tasa de Mortalidad General Hombre (Por mil Hombres), 6.666666666666667
Curarrehue,  Tasa de Mortalidad General Mujer (Por mil Mujeres), 4.356740133264992
Loncoche,  Tasa de Mortalidad General Total (Por mil Habitantes), 7.801447107805489
Loncoche,  Tasa de Mortalidad General Hombre (Por mil Hombres), 8.980802504737579
Loncoche,  Tasa de Mortalidad General Mujer (Por mil Mujeres), 6.665608633550231
Mariquina (Región de los Ríos),  Tasa de Mortalidad General Total (Por mil Habitantes), 7.010752688172043
Mariquina (Región de los Ríos),  Tasa de Mortalidad General Hombre (Por mil Hombres), 7.407407407407407
Mariquina (Región de los Ríos),  Tasa de Mortalidad General Mujer (Por mil Mujeres), 6.624203821656051
Lanco (Región de los Ríos),  Tasa de Mortalidad General Total (Por mil Habitantes), 7.364604577384998
Lanco (Región de los Ríos),  Tasa de Mortalidad General Hombre (Por mil Hombres), 8.320813590662198
Lanco (Región de los Ríos),  Tasa de Mortalidad General Mujer (Por mil Mujeres), 6.445160573397044
Panguipulli (Región de los Ríos),  Tasa de Mortalidad General Total (Por mil Habitantes), 7.9186463282487285
Panguipulli (Región de los Ríos),  Tasa de Mortalidad General Hombre (Por mil Hombres), 9.614303384684584
Panguipulli (Región de los Ríos),  Tasa de Mortalidad General Mujer (Por mil Mujeres), 6.207085965394122
Máfil (Región de los Ríos),  Tasa de Mortalidad General Total (Por mil Habitantes), 7.714169711733658
Máfil (Región de los Ríos),  Tasa de Mortalidad General Hombre (Por mil Hombres), 6.873797085510036
Máfil (Región de los Ríos),  Tasa de Mortalidad General Mujer (Por mil Mujeres), 8.528784648187633
Valdivia (Región de los Ríos),  Tasa de Mortalidad General Total (Por mil Habitantes), 6.392342765338794
Valdivia (Región de los Ríos),  Tasa de Mortalidad General Hombre (Por mil Hombres), 6.955429422164325
Valdivia (Región de los Ríos),  Tasa de Mortalidad General Mujer (Por mil Mujeres), 5.83713297649728
Los Lagos (Región de los Ríos),  Tasa de Mortalidad General Total (Por mil Habitantes), 7.895506384637879
Los Lagos (Región de los Ríos),  Tasa de Mortalidad General Hombre (Por mil Hombres), 8.865248226950355
Los Lagos (Región de los Ríos),  Tasa de Mortalidad General Mujer (Por mil Mujeres), 6.945784294809956
Corral (Región de los Ríos),  Tasa de Mortalidad General Total (Por mil Habitantes), 10.64806315402974
Corral (Región de los Ríos),  Tasa de Mortalidad General Hombre (Por mil Hombres), 14.07928862541682
Corral (Región de los Ríos),  Tasa de Mortalidad General Mujer (Por mil Mujeres), 7.278020378457059
Paillaco (Región de los Ríos),  Tasa de Mortalidad General Total (Por mil Habitantes), 8.558515241850177
Paillaco (Región de los Ríos),  Tasa de Mortalidad General Hombre (Por mil Hombres), 9.292771202191137
Paillaco (Región de los Ríos),  Tasa de Mortalidad General Mujer (Por mil Mujeres), 7.84869976359338
Futrono (Región de los Ríos),  Tasa de Mortalidad General Total (Por mil Habitantes), 7.207915601860953
Futrono (Región de los Ríos),  Tasa de Mortalidad General Hombre (Por mil Hombres), 7.038512616201859
Futrono (Región de los Ríos),  Tasa de Mortalidad General Mujer (Por mil Mujeres), 7.37291424136593
La Unión (Región de los Ríos),  Tasa de Mortalidad General Total (Por mil Habitantes), 7.663513581870606
La Unión (Región de los Ríos),  Tasa de Mortalidad General Hombre (Por mil Hombres), 8.908800659148257
La Unión (Región de los Ríos),  Tasa de Mortalidad General Mujer (Por mil Mujeres), 6.4615537551568165
Lago Ranco (Región de los Ríos),  Tasa de Mortalidad General Total (Por mil Habitantes), 7.481539059463661
Lago Ranco (Región de los Ríos),  Tasa de Mortalidad General Hombre (Por mil Hombres), 9.33852140077821
Lago Ranco (Región de los Ríos),  Tasa de Mortalidad General Mujer (Por mil Mujeres), 5.62888198757764
Río Bueno (Región de los Ríos),  Tasa de Mortalidad General Total (Por mil Habitantes), 9.29384965831435
Río Bueno (Región de los Ríos),  Tasa de Mortalidad General Hombre (Por mil Hombres), 11.093990755007704
Río Bueno (Región de los Ríos),  Tasa de Mortalidad General Mujer (Por mil Mujeres), 7.544910179640718
San Pablo,  Tasa de Mortalidad General Total (Por mil Habitantes), 9.381218610821566
San Pablo,  Tasa de Mortalidad General Hombre (Por mil Hombres), 11.929558795682636
San Pablo,  Tasa de Mortalidad General Mujer (Por mil Mujeres), 6.828528072837633
Osorno,  Tasa de Mortalidad General Total (Por mil Habitantes), 7.387117236606885
Osorno,  Tasa de Mortalidad General Hombre (Por mil Hombres), 7.983000903957454
Osorno,  Tasa de Mortalidad General Mujer (Por mil Mujeres), 6.811819243106009
San Juan De La Costa,  Tasa de Mortalidad General Total (Por mil Habitantes), 12.174368372823668
San Juan De La Costa,  Tasa de Mortalidad General Hombre (Por mil Hombres), 14.989837398373984
San Juan De La Costa,  Tasa de Mortalidad General Mujer (Por mil Mujeres), 9.181744531460978
Puyehue,  Tasa de Mortalidad General Total (Por mil Habitantes), 8.738440654958852
Puyehue,  Tasa de Mortalidad General Hombre (Por mil Hombres), 10.81081081081081
Puyehue,  Tasa de Mortalidad General Mujer (Por mil Mujeres), 6.64734958241009
Río Negro,  Tasa de Mortalidad General Total (Por mil Habitantes), 9.597197898423818
Río Negro,  Tasa de Mortalidad General Hombre (Por mil Hombres), 11.336599020293912
Río Negro,  Tasa de Mortalidad General Mujer (Por mil Mujeres), 7.85413744740533
Purranque,  Tasa de Mortalidad General Total (Por mil Habitantes), 9.108159392789373
Purranque,  Tasa de Mortalidad General Hombre (Por mil Hombres), 11.46569845213071
Purranque,  Tasa de Mortalidad General Mujer (Por mil Mujeres), 6.783493499152064
Puerto Octay,  Tasa de Mortalidad General Total (Por mil Habitantes), 6.5274151436031325
Puerto Octay,  Tasa de Mortalidad General Hombre (Por mil Hombres), 7.483429548856105
Puerto Octay,  Tasa de Mortalidad General Mujer (Por mil Mujeres), 5.537098560354375
Frutillar,  Tasa de Mortalidad General Total (Por mil Habitantes), 6.972259308707907
Frutillar,  Tasa de Mortalidad General Hombre (Por mil Hombres), 8.530053560801429
Frutillar,  Tasa de Mortalidad General Mujer (Por mil Mujeres), 5.423528251651711
Fresia,  Tasa de Mortalidad General Total (Por mil Habitantes), 8.138432364096081
Fresia,  Tasa de Mortalidad General Hombre (Por mil Hombres), 8.34251534708012
Fresia,  Tasa de Mortalidad General Mujer (Por mil Mujeres), 7.932730445819452
Llanquihue,  Tasa de Mortalidad General Total (Por mil Habitantes), 6.927662316739165
Llanquihue,  Tasa de Mortalidad General Hombre (Por mil Hombres), 7.244026381230403
Llanquihue,  Tasa de Mortalidad General Mujer (Por mil Mujeres), 6.615450277422108
Puerto Varas,  Tasa de Mortalidad General Total (Por mil Habitantes), 4.936240230357877
Puerto Varas,  Tasa de Mortalidad General Hombre (Por mil Hombres), 4.604280736684918
Puerto Varas,  Tasa de Mortalidad General Mujer (Por mil Mujeres), 5.2627284595300265
Los Muermos,  Tasa de Mortalidad General Total (Por mil Habitantes), 7.577033170567436
Los Muermos,  Tasa de Mortalidad General Hombre (Por mil Hombres), 9.233507620424962
Los Muermos,  Tasa de Mortalidad General Mujer (Por mil Mujeres), 5.890348889895787
Puerto Montt,  Tasa de Mortalidad General Total (Por mil Habitantes), 4.955493359267701
Puerto Montt,  Tasa de Mortalidad General Hombre (Por mil Hombres), 5.765668877337635
Puerto Montt,  Tasa de Mortalidad General Mujer (Por mil Mujeres), 4.15492022257974
Maullín,  Tasa de Mortalidad General Total (Por mil Habitantes), 7.251242110917148
Maullín,  Tasa de Mortalidad General Hombre (Por mil Hombres), 7.964954201513341
Maullín,  Tasa de Mortalidad General Mujer (Por mil Mujeres), 6.520853144953131
Cochamó,  Tasa de Mortalidad General Total (Por mil Habitantes), 7.239141288067898
Cochamó,  Tasa de Mortalidad General Hombre (Por mil Hombres), 10.164569215876089
Cochamó,  Tasa de Mortalidad General Mujer (Por mil Mujeres), 4.123711340206186
Calbuco,  Tasa de Mortalidad General Total (Por mil Habitantes), 6.7221859351186595
Calbuco,  Tasa de Mortalidad General Hombre (Por mil Hombres), 6.982408660351827
Calbuco,  Tasa de Mortalidad General Mujer (Por mil Mujeres), 6.459028956155236
Ancud,  Tasa de Mortalidad General Total (Por mil Habitantes), 7.466201893636064
Ancud,  Tasa de Mortalidad General Hombre (Por mil Hombres), 7.951533510034078
Ancud,  Tasa de Mortalidad General Mujer (Por mil Mujeres), 6.985466479137365
Hualaihué,  Tasa de Mortalidad General Total (Por mil Habitantes), 6.7191601049868765
Hualaihué,  Tasa de Mortalidad General Hombre (Por mil Hombres), 6.806930693069307
Hualaihué,  Tasa de Mortalidad General Mujer (Por mil Mujeres), 6.628180457558264
Quemchi,  Tasa de Mortalidad General Total (Por mil Habitantes), 6.034384606626438
Quemchi,  Tasa de Mortalidad General Hombre (Por mil Hombres), 7.68361581920904
Quemchi,  Tasa de Mortalidad General Mujer (Por mil Mujeres), 4.359798072510325
Dalcahue,  Tasa de Mortalidad General Total (Por mil Habitantes), 6.171610591280111
Dalcahue,  Tasa de Mortalidad General Hombre (Por mil Hombres), 6.748709805478364
Dalcahue,  Tasa de Mortalidad General Mujer (Por mil Mujeres), 5.5910543130990416
Curaco De Vélez,  Tasa de Mortalidad General Total (Por mil Habitantes), 4.181013280865716
Curaco De Vélez,  Tasa de Mortalidad General Hombre (Por mil Hombres), 4.484304932735426
Curaco De Vélez,  Tasa de Mortalidad General Mujer (Por mil Mujeres), 3.885381253035454
Quinchao,  Tasa de Mortalidad General Total (Por mil Habitantes), 6.507592190889371
Quinchao,  Tasa de Mortalidad General Hombre (Por mil Hombres), 6.842619745845552
Quinchao,  Tasa de Mortalidad General Mujer (Por mil Mujeres), 6.1816452686638135
Castro,  Tasa de Mortalidad General Total (Por mil Habitantes), 6.238578360325162
Castro,  Tasa de Mortalidad General Hombre (Por mil Hombres), 6.232775068899724
Castro,  Tasa de Mortalidad General Mujer (Por mil Mujeres), 6.244276080259762
Puqueldón,  Tasa de Mortalidad General Total (Por mil Habitantes), 8.093311116400857
Puqueldón,  Tasa de Mortalidad General Hombre (Por mil Hombres), 8.049242424242424
Puqueldón,  Tasa de Mortalidad General Mujer (Por mil Mujeres), 8.13786500718047
Chonchi,  Tasa de Mortalidad General Total (Por mil Habitantes), 7.181664897270967
Chonchi,  Tasa de Mortalidad General Hombre (Por mil Hombres), 7.3786893446723365
Chonchi,  Tasa de Mortalidad General Mujer (Por mil Mujeres), 6.985156542347512
Queilén,  Tasa de Mortalidad General Total (Por mil Habitantes), 5.231823922063865
Queilén,  Tasa de Mortalidad General Hombre (Por mil Hombres), 6.075768406004289
Queilén,  Tasa de Mortalidad General Mujer (Por mil Mujeres), 4.371584699453552
Chaitén,  Tasa de Mortalidad General Total (Por mil Habitantes), 2.9880478087649402
Chaitén,  Tasa de Mortalidad General Hombre (Por mil Hombres), 4.980842911877395
Chaitén,  Tasa de Mortalidad General Mujer (Por mil Mujeres), 0.8298755186721991
Quellón,  Tasa de Mortalidad General Total (Por mil Habitantes), 5.049643454229076
Quellón,  Tasa de Mortalidad General Hombre (Por mil Hombres), 6.498781478472786
Quellón,  Tasa de Mortalidad General Mujer (Por mil Mujeres), 3.577079177271789
Futaleufú,  Tasa de Mortalidad General Total (Por mil Habitantes), 6.058446186742694
Futaleufú,  Tasa de Mortalidad General Hombre (Por mil Hombres), 6.378454996456414
Futaleufú,  Tasa de Mortalidad General Mujer (Por mil Mujeres), 5.734767025089606
Palena,  Tasa de Mortalidad General Total (Por mil Habitantes), 10.946907498631637
Palena,  Tasa de Mortalidad General Hombre (Por mil Hombres), 10.881392818280741
Palena,  Tasa de Mortalidad General Mujer (Por mil Mujeres), 11.013215859030838
Guaitecas,  Tasa de Mortalidad General Total (Por mil Habitantes), 5.628517823639775
Guaitecas,  Tasa de Mortalidad General Hombre (Por mil Hombres), 9.546539379474941
Guaitecas,  Tasa de Mortalidad General Mujer (Por mil Mujeres), 1.314060446780552
Lago Verde,  Tasa de Mortalidad General Total (Por mil Habitantes), 4.3478260869565215
Lago Verde,  Tasa de Mortalidad General Hombre (Por mil Hombres), 4.048582995951417
Lago Verde,  Tasa de Mortalidad General Mujer (Por mil Mujeres), 4.694835680751174
Cisnes,  Tasa de Mortalidad General Total (Por mil Habitantes), 6.34866163349348
Cisnes,  Tasa de Mortalidad General Hombre (Por mil Hombres), 7.947019867549669
Cisnes,  Tasa de Mortalidad General Mujer (Por mil Mujeres), 4.62962962962963
Aysén,  Tasa de Mortalidad General Total (Por mil Habitantes), 5.119590432765379
Aysén,  Tasa de Mortalidad General Hombre (Por mil Hombres), 5.787580165806351
Aysén,  Tasa de Mortalidad General Mujer (Por mil Mujeres), 4.4204322200392925
Coyhaique,  Tasa de Mortalidad General Total (Por mil Habitantes), 5.456624734520503
Coyhaique,  Tasa de Mortalidad General Hombre (Por mil Hombres), 7.003763704794633
Coyhaique,  Tasa de Mortalidad General Mujer (Por mil Mujeres), 3.9145327026586196
Río Ibáñez,  Tasa de Mortalidad General Total (Por mil Habitantes), 8.89218228973694
Río Ibáñez,  Tasa de Mortalidad General Hombre (Por mil Hombres), 10.683760683760683
Río Ibáñez,  Tasa de Mortalidad General Mujer (Por mil Mujeres), 6.949806949806949
Chile Chico,  Tasa de Mortalidad General Total (Por mil Habitantes), 7.0298769771529
Chile Chico,  Tasa de Mortalidad General Hombre (Por mil Hombres), 7.238095238095238
Chile Chico,  Tasa de Mortalidad General Mujer (Por mil Mujeres), 6.810897435897436
Cochrane,  Tasa de Mortalidad General Total (Por mil Habitantes), 4.613297150610584
Cochrane,  Tasa de Mortalidad General Hombre (Por mil Hombres), 6.282722513089006
Cochrane,  Tasa de Mortalidad General Mujer (Por mil Mujeres), 2.8169014084507045
Tortel,  Tasa de Mortalidad General Total (Por mil Habitantes), 6.993006993006993
Tortel,  Tasa de Mortalidad General Hombre (Por mil Hombres), 10.204081632653061
Tortel,  Tasa de Mortalidad General Mujer (Por mil Mujeres), 3.5971223021582737
O’higgins,  Tasa de Mortalidad General Total (Por mil Habitantes), 1.5128593040847202
O’higgins,  Tasa de Mortalidad General Hombre (Por mil Hombres), 2.857142857142857
O’higgins,  Tasa de Mortalidad General Mujer (Por mil Mujeres), -
Torres Del Paine,  Tasa de Mortalidad General Total (Por mil Habitantes), -
Torres Del Paine,  Tasa de Mortalidad General Hombre (Por mil Hombres), -
Torres Del Paine,  Tasa de Mortalidad General Mujer (Por mil Mujeres), -
Natales,  Tasa de Mortalidad General Total (Por mil Habitantes), 8.872256328315533
Natales,  Tasa de Mortalidad General Hombre (Por mil Hombres), 10.092653871608206
Natales,  Tasa de Mortalidad General Mujer (Por mil Mujeres), 7.610740550709766
Laguna Blanca,  Tasa de Mortalidad General Total (Por mil Habitantes), -
Laguna Blanca,  Tasa de Mortalidad General Hombre (Por mil Hombres), -
Laguna Blanca,  Tasa de Mortalidad General Mujer (Por mil Mujeres), -
San Gregorio,  Tasa de Mortalidad General Total (Por mil Habitantes), -
San Gregorio,  Tasa de Mortalidad General Hombre (Por mil Hombres), -
San Gregorio,  Tasa de Mortalidad General Mujer (Por mil Mujeres), -
Río Verde,  Tasa de Mortalidad General Total (Por mil Habitantes), -
Río Verde,  Tasa de Mortalidad General Hombre (Por mil Hombres), -
Río Verde,  Tasa de Mortalidad General Mujer (Por mil Mujeres), -
Primavera,  Tasa de Mortalidad General Total (Por mil Habitantes), -
Primavera,  Tasa de Mortalidad General Hombre (Por mil Hombres), -
Primavera,  Tasa de Mortalidad General Mujer (Por mil Mujeres), -
Punta Arenas,  Tasa de Mortalidad General Total (Por mil Habitantes), 7.465629930132973
Punta Arenas,  Tasa de Mortalidad General Hombre (Por mil Hombres), 8.185063305259634
Punta Arenas,  Tasa de Mortalidad General Mujer (Por mil Mujeres), 6.731371321227302
Porvenir,  Tasa de Mortalidad General Total (Por mil Habitantes), 5.189130137921617
Porvenir,  Tasa de Mortalidad General Hombre (Por mil Hombres), 5.5611729019211324
Porvenir,  Tasa de Mortalidad General Mujer (Por mil Mujeres), 4.752004752004751
Timaukel,  Tasa de Mortalidad General Total (Por mil Habitantes), -
Timaukel,  Tasa de Mortalidad General Hombre (Por mil Hombres), -
Timaukel,  Tasa de Mortalidad General Mujer (Por mil Mujeres), -
Cabo De Hornos,  Tasa de Mortalidad General Total (Por mil Habitantes), 0.5042864346949067
Cabo De Hornos,  Tasa de Mortalidad General Hombre (Por mil Hombres), 0.9784735812133072
Cabo De Hornos,  Tasa de Mortalidad General Mujer (Por mil Mujeres), -
Antártica,  Tasa de Mortalidad General Total (Por mil Habitantes), -
Antártica,  Tasa de Mortalidad General Hombre (Por mil Hombres), -
Antártica,  Tasa de Mortalidad General Mujer (Por mil Mujeres), -
