Unidad territorial, Variable, 2017
General Lagos (Región de Arica y Parinacota), Viviendas con Hacinamiento Critico, 13.0
General Lagos (Región de Arica y Parinacota), Viviendas con Hacinamiento Medio, 29.0
General Lagos (Región de Arica y Parinacota), Viviendas Hacinamiento Ignorado, 10.0
General Lagos (Región de Arica y Parinacota), Viviendas sin Hacinamiento, 166.0
General Lagos (Región de Arica y Parinacota), Total Viviendas, 218.0
Putre (Región de Arica y Parinacota), Viviendas con Hacinamiento Critico, 25.0
Putre (Región de Arica y Parinacota), Viviendas con Hacinamiento Medio, 65.0
Putre (Región de Arica y Parinacota), Viviendas Hacinamiento Ignorado, 18.0
Putre (Región de Arica y Parinacota), Viviendas sin Hacinamiento, 432.0
Putre (Región de Arica y Parinacota), Total Viviendas, 540.0
Arica (Región de Arica y Parinacota), Viviendas con Hacinamiento Critico, 758.0
Arica (Región de Arica y Parinacota), Viviendas con Hacinamiento Medio, 4883.0
Arica (Región de Arica y Parinacota), Viviendas Hacinamiento Ignorado, 2440.0
Arica (Región de Arica y Parinacota), Viviendas sin Hacinamiento, 54048.0
Arica (Región de Arica y Parinacota), Total Viviendas, 62129.0
Camarones (Región de Arica y Parinacota), Viviendas con Hacinamiento Critico, 18.0
Camarones (Región de Arica y Parinacota), Viviendas con Hacinamiento Medio, 54.0
Camarones (Región de Arica y Parinacota), Viviendas Hacinamiento Ignorado, 11.0
Camarones (Región de Arica y Parinacota), Viviendas sin Hacinamiento, 348.0
Camarones (Región de Arica y Parinacota), Total Viviendas, 431.0
Colchane, Viviendas con Hacinamiento Critico, 53.0
Colchane, Viviendas con Hacinamiento Medio, 65.0
Colchane, Viviendas Hacinamiento Ignorado, 32.0
Colchane, Viviendas sin Hacinamiento, 322.0
Colchane, Total Viviendas, 472.0
Camiña, Viviendas con Hacinamiento Critico, 23.0
Camiña, Viviendas con Hacinamiento Medio, 62.0
Camiña, Viviendas Hacinamiento Ignorado, 23.0
Camiña, Viviendas sin Hacinamiento, 369.0
Camiña, Total Viviendas, 477.0
Huara, Viviendas con Hacinamiento Critico, 47.0
Huara, Viviendas con Hacinamiento Medio, 104.0
Huara, Viviendas Hacinamiento Ignorado, 25.0
Huara, Viviendas sin Hacinamiento, 767.0
Huara, Total Viviendas, 943.0
Iquique, Viviendas con Hacinamiento Critico, 1354.0
Iquique, Viviendas con Hacinamiento Medio, 4215.0
Iquique, Viviendas Hacinamiento Ignorado, 2126.0
Iquique, Viviendas sin Hacinamiento, 48312.0
Iquique, Total Viviendas, 56007.0
Pozo Almonte, Viviendas con Hacinamiento Critico, 100.0
Pozo Almonte, Viviendas con Hacinamiento Medio, 486.0
Pozo Almonte, Viviendas Hacinamiento Ignorado, 149.0
Pozo Almonte, Viviendas sin Hacinamiento, 3349.0
Pozo Almonte, Total Viviendas, 4084.0
Alto Hospicio, Viviendas con Hacinamiento Critico, 589.0
Alto Hospicio, Viviendas con Hacinamiento Medio, 3768.0
Alto Hospicio, Viviendas Hacinamiento Ignorado, 1167.0
Alto Hospicio, Viviendas sin Hacinamiento, 22929.0
Alto Hospicio, Total Viviendas, 28453.0
Pica, Viviendas con Hacinamiento Critico, 32.0
Pica, Viviendas con Hacinamiento Medio, 184.0
Pica, Viviendas Hacinamiento Ignorado, 42.0
Pica, Viviendas sin Hacinamiento, 1347.0
Pica, Total Viviendas, 1605.0
Ollagüe, Viviendas con Hacinamiento Critico, 2.0
Ollagüe, Viviendas con Hacinamiento Medio, 17.0
Ollagüe, Viviendas Hacinamiento Ignorado, 3.0
Ollagüe, Viviendas sin Hacinamiento, 72.0
Ollagüe, Total Viviendas, 94.0
Tocopilla, Viviendas con Hacinamiento Critico, 44.0
Tocopilla, Viviendas con Hacinamiento Medio, 430.0
Tocopilla, Viviendas Hacinamiento Ignorado, 286.0
Tocopilla, Viviendas sin Hacinamiento, 7059.0
Tocopilla, Total Viviendas, 7819.0
María Elena, Viviendas con Hacinamiento Critico, 26.0
María Elena, Viviendas con Hacinamiento Medio, 206.0
María Elena, Viviendas Hacinamiento Ignorado, 34.0
María Elena, Viviendas sin Hacinamiento, 1164.0
María Elena, Total Viviendas, 1430.0
Calama, Viviendas con Hacinamiento Critico, 998.0
Calama, Viviendas con Hacinamiento Medio, 3828.0
Calama, Viviendas Hacinamiento Ignorado, 2137.0
Calama, Viviendas sin Hacinamiento, 39384.0
Calama, Total Viviendas, 46347.0
Sierra Gorda, Viviendas con Hacinamiento Critico, 11.0
Sierra Gorda, Viviendas con Hacinamiento Medio, 46.0
Sierra Gorda, Viviendas Hacinamiento Ignorado, 14.0
Sierra Gorda, Viviendas sin Hacinamiento, 272.0
Sierra Gorda, Total Viviendas, 343.0
San Pedro De Atacama, Viviendas con Hacinamiento Critico, 94.0
San Pedro De Atacama, Viviendas con Hacinamiento Medio, 309.0
San Pedro De Atacama, Viviendas Hacinamiento Ignorado, 121.0
San Pedro De Atacama, Viviendas sin Hacinamiento, 2336.0
San Pedro De Atacama, Total Viviendas, 2860.0
Mejillones, Viviendas con Hacinamiento Critico, 39.0
Mejillones, Viviendas con Hacinamiento Medio, 292.0
Mejillones, Viviendas Hacinamiento Ignorado, 123.0
Mejillones, Viviendas sin Hacinamiento, 2596.0
Mejillones, Total Viviendas, 3050.0
Antofagasta, Viviendas con Hacinamiento Critico, 1067.0
Antofagasta, Viviendas con Hacinamiento Medio, 6587.0
Antofagasta, Viviendas Hacinamiento Ignorado, 4129.0
Antofagasta, Viviendas sin Hacinamiento, 87022.0
Antofagasta, Total Viviendas, 98805.0
Taltal, Viviendas con Hacinamiento Critico, 27.0
Taltal, Viviendas con Hacinamiento Medio, 261.0
Taltal, Viviendas Hacinamiento Ignorado, 125.0
Taltal, Viviendas sin Hacinamiento, 3082.0
Taltal, Total Viviendas, 3495.0
Chañaral, Viviendas con Hacinamiento Critico, 30.0
Chañaral, Viviendas con Hacinamiento Medio, 343.0
Chañaral, Viviendas Hacinamiento Ignorado, 32.0
Chañaral, Viviendas sin Hacinamiento, 3283.0
Chañaral, Total Viviendas, 3688.0
Diego De Almagro, Viviendas con Hacinamiento Critico, 150.0
Diego De Almagro, Viviendas con Hacinamiento Medio, 285.0
Diego De Almagro, Viviendas Hacinamiento Ignorado, 57.0
Diego De Almagro, Viviendas sin Hacinamiento, 4023.0
Diego De Almagro, Total Viviendas, 4515.0
Caldera, Viviendas con Hacinamiento Critico, 47.0
Caldera, Viviendas con Hacinamiento Medio, 394.0
Caldera, Viviendas Hacinamiento Ignorado, 251.0
Caldera, Viviendas sin Hacinamiento, 4967.0
Caldera, Total Viviendas, 5659.0
Isla De Pascua, Viviendas con Hacinamiento Critico, 22.0
Isla De Pascua, Viviendas con Hacinamiento Medio, 189.0
Isla De Pascua, Viviendas Hacinamiento Ignorado, 95.0
Isla De Pascua, Viviendas sin Hacinamiento, 2138.0
Isla De Pascua, Total Viviendas, 2444.0
Copiapó, Viviendas con Hacinamiento Critico, 409.0
Copiapó, Viviendas con Hacinamiento Medio, 3159.0
Copiapó, Viviendas Hacinamiento Ignorado, 509.0
Copiapó, Viviendas sin Hacinamiento, 41456.0
Copiapó, Total Viviendas, 45533.0
Tierra Amarilla, Viviendas con Hacinamiento Critico, 65.0
Tierra Amarilla, Viviendas con Hacinamiento Medio, 416.0
Tierra Amarilla, Viviendas Hacinamiento Ignorado, 63.0
Tierra Amarilla, Viviendas sin Hacinamiento, 3263.0
Tierra Amarilla, Total Viviendas, 3807.0
Huasco, Viviendas con Hacinamiento Critico, 29.0
Huasco, Viviendas con Hacinamiento Medio, 224.0
Huasco, Viviendas Hacinamiento Ignorado, 129.0
Huasco, Viviendas sin Hacinamiento, 2968.0
Huasco, Total Viviendas, 3350.0
Freirina, Viviendas con Hacinamiento Critico, 24.0
Freirina, Viviendas con Hacinamiento Medio, 170.0
Freirina, Viviendas Hacinamiento Ignorado, 68.0
Freirina, Viviendas sin Hacinamiento, 2000.0
Freirina, Total Viviendas, 2262.0
Vallenar, Viviendas con Hacinamiento Critico, 95.0
Vallenar, Viviendas con Hacinamiento Medio, 1024.0
Vallenar, Viviendas Hacinamiento Ignorado, 613.0
Vallenar, Viviendas sin Hacinamiento, 14034.0
Vallenar, Total Viviendas, 15766.0
Alto Del Carmen, Viviendas con Hacinamiento Critico, 25.0
Alto Del Carmen, Viviendas con Hacinamiento Medio, 108.0
Alto Del Carmen, Viviendas Hacinamiento Ignorado, 75.0
Alto Del Carmen, Viviendas sin Hacinamiento, 1545.0
Alto Del Carmen, Total Viviendas, 1753.0
La Higuera, Viviendas con Hacinamiento Critico, 17.0
La Higuera, Viviendas con Hacinamiento Medio, 102.0
La Higuera, Viviendas Hacinamiento Ignorado, 51.0
La Higuera, Viviendas sin Hacinamiento, 1294.0
La Higuera, Total Viviendas, 1464.0
La Serena, Viviendas con Hacinamiento Critico, 247.0
La Serena, Viviendas con Hacinamiento Medio, 3153.0
La Serena, Viviendas Hacinamiento Ignorado, 2277.0
La Serena, Viviendas sin Hacinamiento, 61877.0
La Serena, Total Viviendas, 67554.0
Coquimbo, Viviendas con Hacinamiento Critico, 346.0
Coquimbo, Viviendas con Hacinamiento Medio, 3898.0
Coquimbo, Viviendas Hacinamiento Ignorado, 2653.0
Coquimbo, Viviendas sin Hacinamiento, 60774.0
Coquimbo, Total Viviendas, 67671.0
Paiguano, Viviendas con Hacinamiento Critico, 11.0
Paiguano, Viviendas con Hacinamiento Medio, 82.0
Paiguano, Viviendas Hacinamiento Ignorado, 39.0
Paiguano, Viviendas sin Hacinamiento, 1467.0
Paiguano, Total Viviendas, 1599.0
Vicuña, Viviendas con Hacinamiento Critico, 52.0
Vicuña, Viviendas con Hacinamiento Medio, 620.0
Vicuña, Viviendas Hacinamiento Ignorado, 285.0
Vicuña, Viviendas sin Hacinamiento, 7775.0
Vicuña, Total Viviendas, 8732.0
Andacollo, Viviendas con Hacinamiento Critico, 22.0
Andacollo, Viviendas con Hacinamiento Medio, 221.0
Andacollo, Viviendas Hacinamiento Ignorado, 64.0
Andacollo, Viviendas sin Hacinamiento, 3162.0
Andacollo, Total Viviendas, 3469.0
Río Hurtado, Viviendas con Hacinamiento Critico, 16.0
Río Hurtado, Viviendas con Hacinamiento Medio, 87.0
Río Hurtado, Viviendas Hacinamiento Ignorado, 52.0
Río Hurtado, Viviendas sin Hacinamiento, 1532.0
Río Hurtado, Total Viviendas, 1687.0
Ovalle, Viviendas con Hacinamiento Critico, 189.0
Ovalle, Viviendas con Hacinamiento Medio, 2192.0
Ovalle, Viviendas Hacinamiento Ignorado, 1403.0
Ovalle, Viviendas sin Hacinamiento, 30910.0
Ovalle, Total Viviendas, 34694.0
Monte Patria, Viviendas con Hacinamiento Critico, 80.0
Monte Patria, Viviendas con Hacinamiento Medio, 833.0
Monte Patria, Viviendas Hacinamiento Ignorado, 403.0
Monte Patria, Viviendas sin Hacinamiento, 8930.0
Monte Patria, Total Viviendas, 10246.0
Punitaqui, Viviendas con Hacinamiento Critico, 24.0
Punitaqui, Viviendas con Hacinamiento Medio, 248.0
Punitaqui, Viviendas Hacinamiento Ignorado, 129.0
Punitaqui, Viviendas sin Hacinamiento, 3357.0
Punitaqui, Total Viviendas, 3758.0
Combarbalá, Viviendas con Hacinamiento Critico, 35.0
Combarbalá, Viviendas con Hacinamiento Medio, 269.0
Combarbalá, Viviendas Hacinamiento Ignorado, 168.0
Combarbalá, Viviendas sin Hacinamiento, 4419.0
Combarbalá, Total Viviendas, 4891.0
Canela, Viviendas con Hacinamiento Critico, 44.0
Canela, Viviendas con Hacinamiento Medio, 192.0
Canela, Viviendas Hacinamiento Ignorado, 76.0
Canela, Viviendas sin Hacinamiento, 3084.0
Canela, Total Viviendas, 3396.0
Illapel, Viviendas con Hacinamiento Critico, 54.0
Illapel, Viviendas con Hacinamiento Medio, 586.0
Illapel, Viviendas Hacinamiento Ignorado, 306.0
Illapel, Viviendas sin Hacinamiento, 9217.0
Illapel, Total Viviendas, 10163.0
Salamanca, Viviendas con Hacinamiento Critico, 41.0
Salamanca, Viviendas con Hacinamiento Medio, 471.0
Salamanca, Viviendas Hacinamiento Ignorado, 366.0
Salamanca, Viviendas sin Hacinamiento, 7876.0
Salamanca, Total Viviendas, 8754.0
Los Vilos, Viviendas con Hacinamiento Critico, 31.0
Los Vilos, Viviendas con Hacinamiento Medio, 384.0
Los Vilos, Viviendas Hacinamiento Ignorado, 269.0
Los Vilos, Viviendas sin Hacinamiento, 6543.0
Los Vilos, Total Viviendas, 7227.0
Petorca, Viviendas con Hacinamiento Critico, 11.0
Petorca, Viviendas con Hacinamiento Medio, 131.0
Petorca, Viviendas Hacinamiento Ignorado, 105.0
Petorca, Viviendas sin Hacinamiento, 3194.0
Petorca, Total Viviendas, 3441.0
Cabildo, Viviendas con Hacinamiento Critico, 28.0
Cabildo, Viviendas con Hacinamiento Medio, 392.0
Cabildo, Viviendas Hacinamiento Ignorado, 241.0
Cabildo, Viviendas sin Hacinamiento, 5504.0
Cabildo, Total Viviendas, 6165.0
La Ligua, Viviendas con Hacinamiento Critico, 42.0
La Ligua, Viviendas con Hacinamiento Medio, 630.0
La Ligua, Viviendas Hacinamiento Ignorado, 411.0
La Ligua, Viviendas sin Hacinamiento, 10744.0
La Ligua, Total Viviendas, 11827.0
Papudo, Viviendas con Hacinamiento Critico, 13.0
Papudo, Viviendas con Hacinamiento Medio, 117.0
Papudo, Viviendas Hacinamiento Ignorado, 63.0
Papudo, Viviendas sin Hacinamiento, 1744.0
Papudo, Total Viviendas, 1937.0
Zapallar, Viviendas con Hacinamiento Critico, 5.0
Zapallar, Viviendas con Hacinamiento Medio, 91.0
Zapallar, Viviendas Hacinamiento Ignorado, 88.0
Zapallar, Viviendas sin Hacinamiento, 2288.0
Zapallar, Total Viviendas, 2472.0
Putaendo, Viviendas con Hacinamiento Critico, 28.0
Putaendo, Viviendas con Hacinamiento Medio, 341.0
Putaendo, Viviendas Hacinamiento Ignorado, 122.0
Putaendo, Viviendas sin Hacinamiento, 4756.0
Putaendo, Total Viviendas, 5247.0
Puchuncaví, Viviendas con Hacinamiento Critico, 40.0
Puchuncaví, Viviendas con Hacinamiento Medio, 376.0
Puchuncaví, Viviendas Hacinamiento Ignorado, 230.0
Puchuncaví, Viviendas sin Hacinamiento, 5726.0
Puchuncaví, Total Viviendas, 6372.0
Nogales, Viviendas con Hacinamiento Critico, 23.0
Nogales, Viviendas con Hacinamiento Medio, 530.0
Nogales, Viviendas Hacinamiento Ignorado, 200.0
Nogales, Viviendas sin Hacinamiento, 6102.0
Nogales, Total Viviendas, 6855.0
Santa María, Viviendas con Hacinamiento Critico, 15.0
Santa María, Viviendas con Hacinamiento Medio, 324.0
Santa María, Viviendas Hacinamiento Ignorado, 141.0
Santa María, Viviendas sin Hacinamiento, 4431.0
Santa María, Total Viviendas, 4911.0
San Felipe, Viviendas con Hacinamiento Critico, 123.0
San Felipe, Viviendas con Hacinamiento Medio, 1468.0
San Felipe, Viviendas Hacinamiento Ignorado, 879.0
San Felipe, Viviendas sin Hacinamiento, 22313.0
San Felipe, Total Viviendas, 24783.0
Panquehue, Viviendas con Hacinamiento Critico, 9.0
Panquehue, Viviendas con Hacinamiento Medio, 164.0
Panquehue, Viviendas Hacinamiento Ignorado, 82.0
Panquehue, Viviendas sin Hacinamiento, 1962.0
Panquehue, Total Viviendas, 2217.0
Catemu, Viviendas con Hacinamiento Critico, 20.0
Catemu, Viviendas con Hacinamiento Medio, 294.0
Catemu, Viviendas Hacinamiento Ignorado, 159.0
Catemu, Viviendas sin Hacinamiento, 3973.0
Catemu, Total Viviendas, 4446.0
Quintero, Viviendas con Hacinamiento Critico, 73.0
Quintero, Viviendas con Hacinamiento Medio, 631.0
Quintero, Viviendas Hacinamiento Ignorado, 431.0
Quintero, Viviendas sin Hacinamiento, 9293.0
Quintero, Total Viviendas, 10428.0
Calera, Viviendas con Hacinamiento Critico, 78.0
Calera, Viviendas con Hacinamiento Medio, 1066.0
Calera, Viviendas Hacinamiento Ignorado, 504.0
Calera, Viviendas sin Hacinamiento, 14207.0
Calera, Total Viviendas, 15855.0
Hijuelas, Viviendas con Hacinamiento Critico, 39.0
Hijuelas, Viviendas con Hacinamiento Medio, 375.0
Hijuelas, Viviendas Hacinamiento Ignorado, 133.0
Hijuelas, Viviendas sin Hacinamiento, 5064.0
Hijuelas, Total Viviendas, 5611.0
San Esteban, Viviendas con Hacinamiento Critico, 23.0
San Esteban, Viviendas con Hacinamiento Medio, 356.0
San Esteban, Viviendas Hacinamiento Ignorado, 231.0
San Esteban, Viviendas sin Hacinamiento, 5471.0
San Esteban, Total Viviendas, 6081.0
La Cruz, Viviendas con Hacinamiento Critico, 10.0
La Cruz, Viviendas con Hacinamiento Medio, 293.0
La Cruz, Viviendas Hacinamiento Ignorado, 186.0
La Cruz, Viviendas sin Hacinamiento, 6595.0
La Cruz, Total Viviendas, 7084.0
Los Andes, Viviendas con Hacinamiento Critico, 59.0
Los Andes, Viviendas con Hacinamiento Medio, 958.0
Los Andes, Viviendas Hacinamiento Ignorado, 702.0
Los Andes, Viviendas sin Hacinamiento, 18896.0
Los Andes, Total Viviendas, 20615.0
Llaillay, Viviendas con Hacinamiento Critico, 25.0
Llaillay, Viviendas con Hacinamiento Medio, 523.0
Llaillay, Viviendas Hacinamiento Ignorado, 305.0
Llaillay, Viviendas sin Hacinamiento, 7008.0
Llaillay, Total Viviendas, 7861.0
Rinconada, Viviendas con Hacinamiento Critico, 18.0
Rinconada, Viviendas con Hacinamiento Medio, 215.0
Rinconada, Viviendas Hacinamiento Ignorado, 116.0
Rinconada, Viviendas sin Hacinamiento, 2811.0
Rinconada, Total Viviendas, 3160.0
Calle Larga, Viviendas con Hacinamiento Critico, 15.0
Calle Larga, Viviendas con Hacinamiento Medio, 328.0
Calle Larga, Viviendas Hacinamiento Ignorado, 197.0
Calle Larga, Viviendas sin Hacinamiento, 4127.0
Calle Larga, Total Viviendas, 4667.0
Quillota, Viviendas con Hacinamiento Critico, 93.0
Quillota, Viviendas con Hacinamiento Medio, 1333.0
Quillota, Viviendas Hacinamiento Ignorado, 829.0
Quillota, Viviendas sin Hacinamiento, 26500.0
Quillota, Total Viviendas, 28755.0
Concón, Viviendas con Hacinamiento Critico, 59.0
Concón, Viviendas con Hacinamiento Medio, 562.0
Concón, Viviendas Hacinamiento Ignorado, 419.0
Concón, Viviendas sin Hacinamiento, 12660.0
Concón, Total Viviendas, 13700.0
Olmué, Viviendas con Hacinamiento Critico, 36.0
Olmué, Viviendas con Hacinamiento Medio, 337.0
Olmué, Viviendas Hacinamiento Ignorado, 196.0
Olmué, Viviendas sin Hacinamiento, 5366.0
Olmué, Total Viviendas, 5935.0
Limache, Viviendas con Hacinamiento Critico, 51.0
Limache, Viviendas con Hacinamiento Medio, 870.0
Limache, Viviendas Hacinamiento Ignorado, 499.0
Limache, Viviendas sin Hacinamiento, 13008.0
Limache, Total Viviendas, 14428.0
Viña Del Mar, Viviendas con Hacinamiento Critico, 600.0
Viña Del Mar, Viviendas con Hacinamiento Medio, 4844.0
Viña Del Mar, Viviendas Hacinamiento Ignorado, 3678.0
Viña Del Mar, Viviendas sin Hacinamiento, 107248.0
Viña Del Mar, Total Viviendas, 116370.0
Valparaíso, Viviendas con Hacinamiento Critico, 632.0
Valparaíso, Viviendas con Hacinamiento Medio, 5556.0
Valparaíso, Viviendas Hacinamiento Ignorado, 3315.0
Valparaíso, Viviendas sin Hacinamiento, 88306.0
Valparaíso, Total Viviendas, 97809.0
Villa Alemana, Viviendas con Hacinamiento Critico, 98.0
Villa Alemana, Viviendas con Hacinamiento Medio, 1738.0
Villa Alemana, Viviendas Hacinamiento Ignorado, 1350.0
Villa Alemana, Viviendas sin Hacinamiento, 37439.0
Villa Alemana, Total Viviendas, 40625.0
Quilpué, Viviendas con Hacinamiento Critico, 128.0
Quilpué, Viviendas con Hacinamiento Medio, 1934.0
Quilpué, Viviendas Hacinamiento Ignorado, 1783.0
Quilpué, Viviendas sin Hacinamiento, 46223.0
Quilpué, Total Viviendas, 50068.0
Tiltil, Viviendas con Hacinamiento Critico, 25.0
Tiltil, Viviendas con Hacinamiento Medio, 389.0
Tiltil, Viviendas Hacinamiento Ignorado, 244.0
Tiltil, Viviendas sin Hacinamiento, 5058.0
Tiltil, Total Viviendas, 5716.0
Colina, Viviendas con Hacinamiento Critico, 207.0
Colina, Viviendas con Hacinamiento Medio, 2705.0
Colina, Viviendas Hacinamiento Ignorado, 1303.0
Colina, Viviendas sin Hacinamiento, 34762.0
Colina, Total Viviendas, 38977.0
Lampa, Viviendas con Hacinamiento Critico, 216.0
Lampa, Viviendas con Hacinamiento Medio, 2260.0
Lampa, Viviendas Hacinamiento Ignorado, 971.0
Lampa, Viviendas sin Hacinamiento, 25881.0
Lampa, Total Viviendas, 29328.0
Casablanca, Viviendas con Hacinamiento Critico, 19.0
Casablanca, Viviendas con Hacinamiento Medio, 447.0
Casablanca, Viviendas Hacinamiento Ignorado, 227.0
Casablanca, Viviendas sin Hacinamiento, 7999.0
Casablanca, Total Viviendas, 8692.0
Lo Barnechea, Viviendas con Hacinamiento Critico, 97.0
Lo Barnechea, Viviendas con Hacinamiento Medio, 812.0
Lo Barnechea, Viviendas Hacinamiento Ignorado, 775.0
Lo Barnechea, Viviendas sin Hacinamiento, 24721.0
Lo Barnechea, Total Viviendas, 26405.0
Quilicura, Viviendas con Hacinamiento Critico, 214.0
Quilicura, Viviendas con Hacinamiento Medio, 3998.0
Quilicura, Viviendas Hacinamiento Ignorado, 2134.0
Quilicura, Viviendas sin Hacinamiento, 52883.0
Quilicura, Total Viviendas, 59229.0
Huechuraba, Viviendas con Hacinamiento Critico, 273.0
Huechuraba, Viviendas con Hacinamiento Medio, 1918.0
Huechuraba, Viviendas Hacinamiento Ignorado, 976.0
Huechuraba, Viviendas sin Hacinamiento, 23874.0
Huechuraba, Total Viviendas, 27041.0
Algarrobo, Viviendas con Hacinamiento Critico, 25.0
Algarrobo, Viviendas con Hacinamiento Medio, 223.0
Algarrobo, Viviendas Hacinamiento Ignorado, 216.0
Algarrobo, Viviendas sin Hacinamiento, 4557.0
Algarrobo, Total Viviendas, 5021.0
Conchalí, Viviendas con Hacinamiento Critico, 550.0
Conchalí, Viviendas con Hacinamiento Medio, 3201.0
Conchalí, Viviendas Hacinamiento Ignorado, 1433.0
Conchalí, Viviendas sin Hacinamiento, 30755.0
Conchalí, Total Viviendas, 35939.0
Vitacura, Viviendas con Hacinamiento Critico, 27.0
Vitacura, Viviendas con Hacinamiento Medio, 192.0
Vitacura, Viviendas Hacinamiento Ignorado, 902.0
Vitacura, Viviendas sin Hacinamiento, 26734.0
Vitacura, Total Viviendas, 27855.0
Curacaví, Viviendas con Hacinamiento Critico, 50.0
Curacaví, Viviendas con Hacinamiento Medio, 708.0
Curacaví, Viviendas Hacinamiento Ignorado, 372.0
Curacaví, Viviendas sin Hacinamiento, 8844.0
Curacaví, Total Viviendas, 9974.0
Renca, Viviendas con Hacinamiento Critico, 412.0
Renca, Viviendas con Hacinamiento Medio, 3967.0
Renca, Viviendas Hacinamiento Ignorado, 1748.0
Renca, Viviendas sin Hacinamiento, 35290.0
Renca, Total Viviendas, 41417.0
Recoleta, Viviendas con Hacinamiento Critico, 1415.0
Recoleta, Viviendas con Hacinamiento Medio, 4724.0
Recoleta, Viviendas Hacinamiento Ignorado, 2021.0
Recoleta, Viviendas sin Hacinamiento, 38455.0
Recoleta, Total Viviendas, 46615.0
El Quisco, Viviendas con Hacinamiento Critico, 21.0
El Quisco, Viviendas con Hacinamiento Medio, 323.0
El Quisco, Viviendas Hacinamiento Ignorado, 273.0
El Quisco, Viviendas sin Hacinamiento, 5171.0
El Quisco, Total Viviendas, 5788.0
Independencia, Viviendas con Hacinamiento Critico, 795.0
Independencia, Viviendas con Hacinamiento Medio, 3538.0
Independencia, Viviendas Hacinamiento Ignorado, 1262.0
Independencia, Viviendas sin Hacinamiento, 26363.0
Independencia, Total Viviendas, 31958.0
Las Condes, Viviendas con Hacinamiento Critico, 190.0
Las Condes, Viviendas con Hacinamiento Medio, 1598.0
Las Condes, Viviendas Hacinamiento Ignorado, 3324.0
Las Condes, Viviendas sin Hacinamiento, 99709.0
Las Condes, Total Viviendas, 104821.0
Cerro Navia, Viviendas con Hacinamiento Critico, 666.0
Cerro Navia, Viviendas con Hacinamiento Medio, 4007.0
Cerro Navia, Viviendas Hacinamiento Ignorado, 1592.0
Cerro Navia, Viviendas sin Hacinamiento, 30129.0
Cerro Navia, Total Viviendas, 36394.0
Quinta Normal, Viviendas con Hacinamiento Critico, 506.0
Quinta Normal, Viviendas con Hacinamiento Medio, 2556.0
Quinta Normal, Viviendas Hacinamiento Ignorado, 1330.0
Quinta Normal, Viviendas sin Hacinamiento, 29354.0
Quinta Normal, Total Viviendas, 33746.0
Providencia, Viviendas con Hacinamiento Critico, 294.0
Providencia, Viviendas con Hacinamiento Medio, 1042.0
Providencia, Viviendas Hacinamiento Ignorado, 1685.0
Providencia, Viviendas sin Hacinamiento, 56817.0
Providencia, Total Viviendas, 59838.0
Pudahuel, Viviendas con Hacinamiento Critico, 515.0
Pudahuel, Viviendas con Hacinamiento Medio, 4707.0
Pudahuel, Viviendas Hacinamiento Ignorado, 2373.0
Pudahuel, Viviendas sin Hacinamiento, 56797.0
Pudahuel, Total Viviendas, 64392.0
La Reina, Viviendas con Hacinamiento Critico, 119.0
La Reina, Viviendas con Hacinamiento Medio, 779.0
La Reina, Viviendas Hacinamiento Ignorado, 728.0
La Reina, Viviendas sin Hacinamiento, 26381.0
La Reina, Total Viviendas, 28007.0
Lo Prado, Viviendas con Hacinamiento Critico, 546.0
Lo Prado, Viviendas con Hacinamiento Medio, 2677.0
Lo Prado, Viviendas Hacinamiento Ignorado, 1063.0
Lo Prado, Viviendas sin Hacinamiento, 24148.0
Lo Prado, Total Viviendas, 28434.0
Santiago, Viviendas con Hacinamiento Critico, 4547.0
Santiago, Viviendas con Hacinamiento Medio, 12857.0
Santiago, Viviendas Hacinamiento Ignorado, 5774.0
Santiago, Viviendas sin Hacinamiento, 140769.0
Santiago, Total Viviendas, 163947.0
El Tabo, Viviendas con Hacinamiento Critico, 40.0
El Tabo, Viviendas con Hacinamiento Medio, 217.0
El Tabo, Viviendas Hacinamiento Ignorado, 250.0
El Tabo, Viviendas sin Hacinamiento, 4524.0
El Tabo, Total Viviendas, 5031.0
Ñuñoa, Viviendas con Hacinamiento Critico, 249.0
Ñuñoa, Viviendas con Hacinamiento Medio, 1843.0
Ñuñoa, Viviendas Hacinamiento Ignorado, 2370.0
Ñuñoa, Viviendas sin Hacinamiento, 75988.0
Ñuñoa, Total Viviendas, 80450.0
Estación Central, Viviendas con Hacinamiento Critico, 1247.0
Estación Central, Viviendas con Hacinamiento Medio, 3939.0
Estación Central, Viviendas Hacinamiento Ignorado, 1463.0
Estación Central, Viviendas sin Hacinamiento, 37026.0
Estación Central, Total Viviendas, 43675.0
Peñalolén, Viviendas con Hacinamiento Critico, 778.0
Peñalolén, Viviendas con Hacinamiento Medio, 4940.0
Peñalolén, Viviendas Hacinamiento Ignorado, 2503.0
Peñalolén, Viviendas sin Hacinamiento, 59303.0
Peñalolén, Total Viviendas, 67524.0
Macul, Viviendas con Hacinamiento Critico, 289.0
Macul, Viviendas con Hacinamiento Medio, 2009.0
Macul, Viviendas Hacinamiento Ignorado, 1091.0
Macul, Viviendas sin Hacinamiento, 35104.0
Macul, Total Viviendas, 38493.0
Pedro Aguirre Cerda, Viviendas con Hacinamiento Critico, 304.0
Pedro Aguirre Cerda, Viviendas con Hacinamiento Medio, 2524.0
Pedro Aguirre Cerda, Viviendas Hacinamiento Ignorado, 1343.0
Pedro Aguirre Cerda, Viviendas sin Hacinamiento, 24112.0
Pedro Aguirre Cerda, Total Viviendas, 28283.0
San Joaquín, Viviendas con Hacinamiento Critico, 393.0
San Joaquín, Viviendas con Hacinamiento Medio, 2271.0
San Joaquín, Viviendas Hacinamiento Ignorado, 956.0
San Joaquín, Viviendas sin Hacinamiento, 24249.0
San Joaquín, Total Viviendas, 27869.0
San Miguel, Viviendas con Hacinamiento Critico, 215.0
San Miguel, Viviendas con Hacinamiento Medio, 1727.0
San Miguel, Viviendas Hacinamiento Ignorado, 1092.0
San Miguel, Viviendas sin Hacinamiento, 34073.0
San Miguel, Total Viviendas, 37107.0
Cerrillos, Viviendas con Hacinamiento Critico, 219.0
Cerrillos, Viviendas con Hacinamiento Medio, 1808.0
Cerrillos, Viviendas Hacinamiento Ignorado, 763.0
Cerrillos, Viviendas sin Hacinamiento, 20513.0
Cerrillos, Total Viviendas, 23303.0
Maipú, Viviendas con Hacinamiento Critico, 453.0
Maipú, Viviendas con Hacinamiento Medio, 6934.0
Maipú, Viviendas Hacinamiento Ignorado, 4571.0
Maipú, Viviendas sin Hacinamiento, 140168.0
Maipú, Total Viviendas, 152126.0
María Pinto, Viviendas con Hacinamiento Critico, 21.0
María Pinto, Viviendas con Hacinamiento Medio, 306.0
María Pinto, Viviendas Hacinamiento Ignorado, 152.0
María Pinto, Viviendas sin Hacinamiento, 3692.0
María Pinto, Total Viviendas, 4171.0
Lo Espejo, Viviendas con Hacinamiento Critico, 449.0
Lo Espejo, Viviendas con Hacinamiento Medio, 2669.0
Lo Espejo, Viviendas Hacinamiento Ignorado, 1180.0
Lo Espejo, Viviendas sin Hacinamiento, 21525.0
Lo Espejo, Total Viviendas, 25823.0
La Florida, Viviendas con Hacinamiento Critico, 583.0
La Florida, Viviendas con Hacinamiento Medio, 5677.0
La Florida, Viviendas Hacinamiento Ignorado, 3502.0
La Florida, Viviendas sin Hacinamiento, 102278.0
La Florida, Total Viviendas, 112040.0
La Cisterna, Viviendas con Hacinamiento Critico, 196.0
La Cisterna, Viviendas con Hacinamiento Medio, 1613.0
La Cisterna, Viviendas Hacinamiento Ignorado, 1099.0
La Cisterna, Viviendas sin Hacinamiento, 25593.0
La Cisterna, Total Viviendas, 28501.0
La Granja, Viviendas con Hacinamiento Critico, 427.0
La Granja, Viviendas con Hacinamiento Medio, 3041.0
La Granja, Viviendas Hacinamiento Ignorado, 1284.0
La Granja, Viviendas sin Hacinamiento, 28153.0
La Granja, Total Viviendas, 32905.0
Cartagena, Viviendas con Hacinamiento Critico, 63.0
Cartagena, Viviendas con Hacinamiento Medio, 561.0
Cartagena, Viviendas Hacinamiento Ignorado, 363.0
Cartagena, Viviendas sin Hacinamiento, 6652.0
Cartagena, Total Viviendas, 7639.0
San Ramón, Viviendas con Hacinamiento Critico, 438.0
San Ramón, Viviendas con Hacinamiento Medio, 2466.0
San Ramón, Viviendas Hacinamiento Ignorado, 952.0
San Ramón, Viviendas sin Hacinamiento, 19072.0
San Ramón, Total Viviendas, 22928.0
El Bosque, Viviendas con Hacinamiento Critico, 476.0
El Bosque, Viviendas con Hacinamiento Medio, 4199.0
El Bosque, Viviendas Hacinamiento Ignorado, 1582.0
El Bosque, Viviendas sin Hacinamiento, 39483.0
El Bosque, Total Viviendas, 45740.0
Padre Hurtado, Viviendas con Hacinamiento Critico, 104.0
Padre Hurtado, Viviendas con Hacinamiento Medio, 1366.0
Padre Hurtado, Viviendas Hacinamiento Ignorado, 634.0
Padre Hurtado, Viviendas sin Hacinamiento, 16099.0
Padre Hurtado, Total Viviendas, 18203.0
La Pintana, Viviendas con Hacinamiento Critico, 591.0
La Pintana, Viviendas con Hacinamiento Medio, 5599.0
La Pintana, Viviendas Hacinamiento Ignorado, 1772.0
La Pintana, Viviendas sin Hacinamiento, 39104.0
La Pintana, Total Viviendas, 47066.0
San Bernardo, Viviendas con Hacinamiento Critico, 669.0
San Bernardo, Viviendas con Hacinamiento Medio, 7250.0
San Bernardo, Viviendas Hacinamiento Ignorado, 3280.0
San Bernardo, Viviendas sin Hacinamiento, 72870.0
San Bernardo, Total Viviendas, 84069.0
Puente Alto, Viviendas con Hacinamiento Critico, 631.0
Puente Alto, Viviendas con Hacinamiento Medio, 10325.0
Puente Alto, Viviendas Hacinamiento Ignorado, 5349.0
Puente Alto, Viviendas sin Hacinamiento, 145354.0
Puente Alto, Total Viviendas, 161659.0
Peñaflor, Viviendas con Hacinamiento Critico, 122.0
Peñaflor, Viviendas con Hacinamiento Medio, 1865.0
Peñaflor, Viviendas Hacinamiento Ignorado, 884.0
Peñaflor, Viviendas sin Hacinamiento, 23259.0
Peñaflor, Total Viviendas, 26130.0
Calera De Tango, Viviendas con Hacinamiento Critico, 30.0
Calera De Tango, Viviendas con Hacinamiento Medio, 491.0
Calera De Tango, Viviendas Hacinamiento Ignorado, 219.0
Calera De Tango, Viviendas sin Hacinamiento, 6269.0
Calera De Tango, Total Viviendas, 7009.0
Pirque, Viviendas con Hacinamiento Critico, 35.0
Pirque, Viviendas con Hacinamiento Medio, 421.0
Pirque, Viviendas Hacinamiento Ignorado, 334.0
Pirque, Viviendas sin Hacinamiento, 6770.0
Pirque, Total Viviendas, 7560.0
Juan Fernández, Viviendas con Hacinamiento Critico, 6.0
Juan Fernández, Viviendas con Hacinamiento Medio, 20.0
Juan Fernández, Viviendas Hacinamiento Ignorado, 20.0
Juan Fernández, Viviendas sin Hacinamiento, 305.0
Juan Fernández, Total Viviendas, 351.0
San José De Maipo, Viviendas con Hacinamiento Critico, 39.0
San José De Maipo, Viviendas con Hacinamiento Medio, 317.0
San José De Maipo, Viviendas Hacinamiento Ignorado, 195.0
San José De Maipo, Viviendas sin Hacinamiento, 4581.0
San José De Maipo, Total Viviendas, 5132.0
Santo Domingo, Viviendas con Hacinamiento Critico, 13.0
Santo Domingo, Viviendas con Hacinamiento Medio, 131.0
Santo Domingo, Viviendas Hacinamiento Ignorado, 104.0
Santo Domingo, Viviendas sin Hacinamiento, 3312.0
Santo Domingo, Total Viviendas, 3560.0
Talagante, Viviendas con Hacinamiento Critico, 93.0
Talagante, Viviendas con Hacinamiento Medio, 1561.0
Talagante, Viviendas Hacinamiento Ignorado, 671.0
Talagante, Viviendas sin Hacinamiento, 19054.0
Talagante, Total Viviendas, 21379.0
San Antonio, Viviendas con Hacinamiento Critico, 163.0
San Antonio, Viviendas con Hacinamiento Medio, 1794.0
San Antonio, Viviendas Hacinamiento Ignorado, 1017.0
San Antonio, Viviendas sin Hacinamiento, 25500.0
San Antonio, Total Viviendas, 28474.0
El Monte, Viviendas con Hacinamiento Critico, 53.0
El Monte, Viviendas con Hacinamiento Medio, 905.0
El Monte, Viviendas Hacinamiento Ignorado, 395.0
El Monte, Viviendas sin Hacinamiento, 9382.0
El Monte, Total Viviendas, 10735.0
Melipilla, Viviendas con Hacinamiento Critico, 159.0
Melipilla, Viviendas con Hacinamiento Medio, 2389.0
Melipilla, Viviendas Hacinamiento Ignorado, 1466.0
Melipilla, Viviendas sin Hacinamiento, 34454.0
Melipilla, Total Viviendas, 38468.0
Buin, Viviendas con Hacinamiento Critico, 165.0
Buin, Viviendas con Hacinamiento Medio, 1928.0
Buin, Viviendas Hacinamiento Ignorado, 899.0
Buin, Viviendas sin Hacinamiento, 25050.0
Buin, Total Viviendas, 28042.0
Isla De Maipo, Viviendas con Hacinamiento Critico, 55.0
Isla De Maipo, Viviendas con Hacinamiento Medio, 831.0
Isla De Maipo, Viviendas Hacinamiento Ignorado, 415.0
Isla De Maipo, Viviendas sin Hacinamiento, 9421.0
Isla De Maipo, Total Viviendas, 10722.0
Paine, Viviendas con Hacinamiento Critico, 139.0
Paine, Viviendas con Hacinamiento Medio, 1624.0
Paine, Viviendas Hacinamiento Ignorado, 752.0
Paine, Viviendas sin Hacinamiento, 18759.0
Paine, Total Viviendas, 21274.0
San Pedro, Viviendas con Hacinamiento Critico, 13.0
San Pedro, Viviendas con Hacinamiento Medio, 211.0
San Pedro, Viviendas Hacinamiento Ignorado, 123.0
San Pedro, Viviendas sin Hacinamiento, 2865.0
San Pedro, Total Viviendas, 3212.0
Navidad, Viviendas con Hacinamiento Critico, 17.0
Navidad, Viviendas con Hacinamiento Medio, 107.0
Navidad, Viviendas Hacinamiento Ignorado, 93.0
Navidad, Viviendas sin Hacinamiento, 2314.0
Navidad, Total Viviendas, 2531.0
Mostazal, Viviendas con Hacinamiento Critico, 53.0
Mostazal, Viviendas con Hacinamiento Medio, 569.0
Mostazal, Viviendas Hacinamiento Ignorado, 233.0
Mostazal, Viviendas sin Hacinamiento, 6983.0
Mostazal, Total Viviendas, 7838.0
Codegua, Viviendas con Hacinamiento Critico, 18.0
Codegua, Viviendas con Hacinamiento Medio, 283.0
Codegua, Viviendas Hacinamiento Ignorado, 130.0
Codegua, Viviendas sin Hacinamiento, 3484.0
Codegua, Total Viviendas, 3915.0
Alhué, Viviendas con Hacinamiento Critico, 7.0
Alhué, Viviendas con Hacinamiento Medio, 104.0
Alhué, Viviendas Hacinamiento Ignorado, 30.0
Alhué, Viviendas sin Hacinamiento, 1762.0
Alhué, Total Viviendas, 1903.0
Graneros, Viviendas con Hacinamiento Critico, 60.0
Graneros, Viviendas con Hacinamiento Medio, 714.0
Graneros, Viviendas Hacinamiento Ignorado, 323.0
Graneros, Viviendas sin Hacinamiento, 9126.0
Graneros, Total Viviendas, 10223.0
Litueche, Viviendas con Hacinamiento Critico, 11.0
Litueche, Viviendas con Hacinamiento Medio, 106.0
Litueche, Viviendas Hacinamiento Ignorado, 79.0
Litueche, Viviendas sin Hacinamiento, 2098.0
Litueche, Total Viviendas, 2294.0
Rancagua, Viviendas con Hacinamiento Critico, 243.0
Rancagua, Viviendas con Hacinamiento Medio, 3903.0
Rancagua, Viviendas Hacinamiento Ignorado, 2502.0
Rancagua, Viviendas sin Hacinamiento, 72785.0
Rancagua, Total Viviendas, 79433.0
Machalí, Viviendas con Hacinamiento Critico, 31.0
Machalí, Viviendas con Hacinamiento Medio, 644.0
Machalí, Viviendas Hacinamiento Ignorado, 552.0
Machalí, Viviendas sin Hacinamiento, 15415.0
Machalí, Total Viviendas, 16642.0
Doñihue, Viviendas con Hacinamiento Critico, 30.0
Doñihue, Viviendas con Hacinamiento Medio, 396.0
Doñihue, Viviendas Hacinamiento Ignorado, 236.0
Doñihue, Viviendas sin Hacinamiento, 6112.0
Doñihue, Total Viviendas, 6774.0
La Estrella, Viviendas con Hacinamiento Critico, 3.0
La Estrella, Viviendas con Hacinamiento Medio, 34.0
La Estrella, Viviendas Hacinamiento Ignorado, 24.0
La Estrella, Viviendas sin Hacinamiento, 1062.0
La Estrella, Total Viviendas, 1123.0
Olivar, Viviendas con Hacinamiento Critico, 17.0
Olivar, Viviendas con Hacinamiento Medio, 285.0
Olivar, Viviendas Hacinamiento Ignorado, 147.0
Olivar, Viviendas sin Hacinamiento, 3768.0
Olivar, Total Viviendas, 4217.0
Coinco, Viviendas con Hacinamiento Critico, 17.0
Coinco, Viviendas con Hacinamiento Medio, 159.0
Coinco, Viviendas Hacinamiento Ignorado, 58.0
Coinco, Viviendas sin Hacinamiento, 2159.0
Coinco, Total Viviendas, 2393.0
Requínoa, Viviendas con Hacinamiento Critico, 51.0
Requínoa, Viviendas con Hacinamiento Medio, 640.0
Requínoa, Viviendas Hacinamiento Ignorado, 263.0
Requínoa, Viviendas sin Hacinamiento, 7463.0
Requínoa, Total Viviendas, 8417.0
Las Cabras, Viviendas con Hacinamiento Critico, 46.0
Las Cabras, Viviendas con Hacinamiento Medio, 504.0
Las Cabras, Viviendas Hacinamiento Ignorado, 274.0
Las Cabras, Viviendas sin Hacinamiento, 7203.0
Las Cabras, Total Viviendas, 8027.0
Coltauco, Viviendas con Hacinamiento Critico, 24.0
Coltauco, Viviendas con Hacinamiento Medio, 450.0
Coltauco, Viviendas Hacinamiento Ignorado, 190.0
Coltauco, Viviendas sin Hacinamiento, 5580.0
Coltauco, Total Viviendas, 6244.0
Quinta De Tilcoco, Viviendas con Hacinamiento Critico, 14.0
Quinta De Tilcoco, Viviendas con Hacinamiento Medio, 318.0
Quinta De Tilcoco, Viviendas Hacinamiento Ignorado, 82.0
Quinta De Tilcoco, Viviendas sin Hacinamiento, 3726.0
Quinta De Tilcoco, Total Viviendas, 4140.0
Pichidegua, Viviendas con Hacinamiento Critico, 47.0
Pichidegua, Viviendas con Hacinamiento Medio, 426.0
Pichidegua, Viviendas Hacinamiento Ignorado, 167.0
Pichidegua, Viviendas sin Hacinamiento, 5662.0
Pichidegua, Total Viviendas, 6302.0
Peumo, Viviendas con Hacinamiento Critico, 23.0
Peumo, Viviendas con Hacinamiento Medio, 290.0
Peumo, Viviendas Hacinamiento Ignorado, 132.0
Peumo, Viviendas sin Hacinamiento, 3987.0
Peumo, Total Viviendas, 4432.0
Pichilemu, Viviendas con Hacinamiento Critico, 31.0
Pichilemu, Viviendas con Hacinamiento Medio, 327.0
Pichilemu, Viviendas Hacinamiento Ignorado, 227.0
Pichilemu, Viviendas sin Hacinamiento, 5299.0
Pichilemu, Total Viviendas, 5884.0
Marchihue, Viviendas con Hacinamiento Critico, 8.0
Marchihue, Viviendas con Hacinamiento Medio, 131.0
Marchihue, Viviendas Hacinamiento Ignorado, 71.0
Marchihue, Viviendas sin Hacinamiento, 2345.0
Marchihue, Total Viviendas, 2555.0
Rengo, Viviendas con Hacinamiento Critico, 97.0
Rengo, Viviendas con Hacinamiento Medio, 1230.0
Rengo, Viviendas Hacinamiento Ignorado, 578.0
Rengo, Viviendas sin Hacinamiento, 16983.0
Rengo, Total Viviendas, 18888.0
San Vicente, Viviendas con Hacinamiento Critico, 84.0
San Vicente, Viviendas con Hacinamiento Medio, 924.0
San Vicente, Viviendas Hacinamiento Ignorado, 435.0
San Vicente, Viviendas sin Hacinamiento, 13889.0
San Vicente, Total Viviendas, 15332.0
Malloa, Viviendas con Hacinamiento Critico, 35.0
Malloa, Viviendas con Hacinamiento Medio, 329.0
Malloa, Viviendas Hacinamiento Ignorado, 137.0
Malloa, Viviendas sin Hacinamiento, 3882.0
Malloa, Total Viviendas, 4383.0
Peralillo, Viviendas con Hacinamiento Critico, 26.0
Peralillo, Viviendas con Hacinamiento Medio, 190.0
Peralillo, Viviendas Hacinamiento Ignorado, 93.0
Peralillo, Viviendas sin Hacinamiento, 3389.0
Peralillo, Total Viviendas, 3698.0
Palmilla, Viviendas con Hacinamiento Critico, 20.0
Palmilla, Viviendas con Hacinamiento Medio, 230.0
Palmilla, Viviendas Hacinamiento Ignorado, 83.0
Palmilla, Viviendas sin Hacinamiento, 3572.0
Palmilla, Total Viviendas, 3905.0
San Fernando, Viviendas con Hacinamiento Critico, 87.0
San Fernando, Viviendas con Hacinamiento Medio, 1426.0
San Fernando, Viviendas Hacinamiento Ignorado, 812.0
San Fernando, Viviendas sin Hacinamiento, 22078.0
San Fernando, Total Viviendas, 24403.0
Pumanque, Viviendas con Hacinamiento Critico, 8.0
Pumanque, Viviendas con Hacinamiento Medio, 52.0
Pumanque, Viviendas Hacinamiento Ignorado, 18.0
Pumanque, Viviendas sin Hacinamiento, 1119.0
Pumanque, Total Viviendas, 1197.0
Placilla, Viviendas con Hacinamiento Critico, 13.0
Placilla, Viviendas con Hacinamiento Medio, 189.0
Placilla, Viviendas Hacinamiento Ignorado, 63.0
Placilla, Viviendas sin Hacinamiento, 2488.0
Placilla, Total Viviendas, 2753.0
Santa Cruz, Viviendas con Hacinamiento Critico, 38.0
Santa Cruz, Viviendas con Hacinamiento Medio, 634.0
Santa Cruz, Viviendas Hacinamiento Ignorado, 342.0
Santa Cruz, Viviendas sin Hacinamiento, 11409.0
Santa Cruz, Total Viviendas, 12423.0
Paredones, Viviendas con Hacinamiento Critico, 4.0
Paredones, Viviendas con Hacinamiento Medio, 92.0
Paredones, Viviendas Hacinamiento Ignorado, 73.0
Paredones, Viviendas sin Hacinamiento, 2076.0
Paredones, Total Viviendas, 2245.0
Nancagua, Viviendas con Hacinamiento Critico, 27.0
Nancagua, Viviendas con Hacinamiento Medio, 380.0
Nancagua, Viviendas Hacinamiento Ignorado, 204.0
Nancagua, Viviendas sin Hacinamiento, 5150.0
Nancagua, Total Viviendas, 5761.0
Chimbarongo, Viviendas con Hacinamiento Critico, 61.0
Chimbarongo, Viviendas con Hacinamiento Medio, 809.0
Chimbarongo, Viviendas Hacinamiento Ignorado, 397.0
Chimbarongo, Viviendas sin Hacinamiento, 10212.0
Chimbarongo, Total Viviendas, 11479.0
Lolol, Viviendas con Hacinamiento Critico, 5.0
Lolol, Viviendas con Hacinamiento Medio, 139.0
Lolol, Viviendas Hacinamiento Ignorado, 60.0
Lolol, Viviendas sin Hacinamiento, 2168.0
Lolol, Total Viviendas, 2372.0
Chépica, Viviendas con Hacinamiento Critico, 19.0
Chépica, Viviendas con Hacinamiento Medio, 327.0
Chépica, Viviendas Hacinamiento Ignorado, 129.0
Chépica, Viviendas sin Hacinamiento, 4490.0
Chépica, Total Viviendas, 4965.0
Teno, Viviendas con Hacinamiento Critico, 43.0
Teno, Viviendas con Hacinamiento Medio, 680.0
Teno, Viviendas Hacinamiento Ignorado, 262.0
Teno, Viviendas sin Hacinamiento, 8445.0
Teno, Total Viviendas, 9430.0
Vichuquén, Viviendas con Hacinamiento Critico, 8.0
Vichuquén, Viviendas con Hacinamiento Medio, 68.0
Vichuquén, Viviendas Hacinamiento Ignorado, 42.0
Vichuquén, Viviendas sin Hacinamiento, 1590.0
Vichuquén, Total Viviendas, 1708.0
Rauco, Viviendas con Hacinamiento Critico, 11.0
Rauco, Viviendas con Hacinamiento Medio, 267.0
Rauco, Viviendas Hacinamiento Ignorado, 86.0
Rauco, Viviendas sin Hacinamiento, 3256.0
Rauco, Total Viviendas, 3620.0
Romeral, Viviendas con Hacinamiento Critico, 33.0
Romeral, Viviendas con Hacinamiento Medio, 356.0
Romeral, Viviendas Hacinamiento Ignorado, 119.0
Romeral, Viviendas sin Hacinamiento, 4336.0
Romeral, Total Viviendas, 4844.0
Hualañé, Viviendas con Hacinamiento Critico, 18.0
Hualañé, Viviendas con Hacinamiento Medio, 192.0
Hualañé, Viviendas Hacinamiento Ignorado, 97.0
Hualañé, Viviendas sin Hacinamiento, 3130.0
Hualañé, Total Viviendas, 3437.0
Curicó, Viviendas con Hacinamiento Critico, 198.0
Curicó, Viviendas con Hacinamiento Medio, 2960.0
Curicó, Viviendas Hacinamiento Ignorado, 1656.0
Curicó, Viviendas sin Hacinamiento, 43948.0
Curicó, Total Viviendas, 48762.0
Licantén, Viviendas con Hacinamiento Critico, 13.0
Licantén, Viviendas con Hacinamiento Medio, 112.0
Licantén, Viviendas Hacinamiento Ignorado, 56.0
Licantén, Viviendas sin Hacinamiento, 2166.0
Licantén, Total Viviendas, 2347.0
Sagrada Familia, Viviendas con Hacinamiento Critico, 32.0
Sagrada Familia, Viviendas con Hacinamiento Medio, 410.0
Sagrada Familia, Viviendas Hacinamiento Ignorado, 194.0
Sagrada Familia, Viviendas sin Hacinamiento, 5401.0
Sagrada Familia, Total Viviendas, 6037.0
Curepto, Viviendas con Hacinamiento Critico, 17.0
Curepto, Viviendas con Hacinamiento Medio, 177.0
Curepto, Viviendas Hacinamiento Ignorado, 96.0
Curepto, Viviendas sin Hacinamiento, 3288.0
Curepto, Total Viviendas, 3578.0
Molina, Viviendas con Hacinamiento Critico, 92.0
Molina, Viviendas con Hacinamiento Medio, 1227.0
Molina, Viviendas Hacinamiento Ignorado, 452.0
Molina, Viviendas sin Hacinamiento, 13288.0
Molina, Total Viviendas, 15059.0
Río Claro, Viviendas con Hacinamiento Critico, 21.0
Río Claro, Viviendas con Hacinamiento Medio, 313.0
Río Claro, Viviendas Hacinamiento Ignorado, 149.0
Río Claro, Viviendas sin Hacinamiento, 4241.0
Río Claro, Total Viviendas, 4724.0
San Rafael, Viviendas con Hacinamiento Critico, 9.0
San Rafael, Viviendas con Hacinamiento Medio, 229.0
San Rafael, Viviendas Hacinamiento Ignorado, 91.0
San Rafael, Viviendas sin Hacinamiento, 2706.0
San Rafael, Total Viviendas, 3035.0
Constitución, Viviendas con Hacinamiento Critico, 79.0
Constitución, Viviendas con Hacinamiento Medio, 933.0
Constitución, Viviendas Hacinamiento Ignorado, 600.0
Constitución, Viviendas sin Hacinamiento, 13684.0
Constitución, Total Viviendas, 15296.0
Pelarco, Viviendas con Hacinamiento Critico, 14.0
Pelarco, Viviendas con Hacinamiento Medio, 219.0
Pelarco, Viviendas Hacinamiento Ignorado, 97.0
Pelarco, Viviendas sin Hacinamiento, 2418.0
Pelarco, Total Viviendas, 2748.0
Pencahue, Viviendas con Hacinamiento Critico, 16.0
Pencahue, Viviendas con Hacinamiento Medio, 116.0
Pencahue, Viviendas Hacinamiento Ignorado, 112.0
Pencahue, Viviendas sin Hacinamiento, 2594.0
Pencahue, Total Viviendas, 2838.0
Talca, Viviendas con Hacinamiento Critico, 264.0
Talca, Viviendas con Hacinamiento Medio, 3820.0
Talca, Viviendas Hacinamiento Ignorado, 2366.0
Talca, Viviendas sin Hacinamiento, 65079.0
Talca, Total Viviendas, 71529.0
Maule, Viviendas con Hacinamiento Critico, 56.0
Maule, Viviendas con Hacinamiento Medio, 1358.0
Maule, Viviendas Hacinamiento Ignorado, 510.0
Maule, Viviendas sin Hacinamiento, 13819.0
Maule, Total Viviendas, 15743.0
San Clemente, Viviendas con Hacinamiento Critico, 71.0
San Clemente, Viviendas con Hacinamiento Medio, 959.0
San Clemente, Viviendas Hacinamiento Ignorado, 394.0
San Clemente, Viviendas sin Hacinamiento, 12671.0
San Clemente, Total Viviendas, 14095.0
Empedrado, Viviendas con Hacinamiento Critico, 13.0
Empedrado, Viviendas con Hacinamiento Medio, 114.0
Empedrado, Viviendas Hacinamiento Ignorado, 71.0
Empedrado, Viviendas sin Hacinamiento, 1225.0
Empedrado, Total Viviendas, 1423.0
San Javier, Viviendas con Hacinamiento Critico, 108.0
San Javier, Viviendas con Hacinamiento Medio, 1114.0
San Javier, Viviendas Hacinamiento Ignorado, 423.0
San Javier, Viviendas sin Hacinamiento, 13528.0
San Javier, Total Viviendas, 15173.0
Villa Alegre, Viviendas con Hacinamiento Critico, 35.0
Villa Alegre, Viviendas con Hacinamiento Medio, 418.0
Villa Alegre, Viviendas Hacinamiento Ignorado, 199.0
Villa Alegre, Viviendas sin Hacinamiento, 5018.0
Villa Alegre, Total Viviendas, 5670.0
Colbún, Viviendas con Hacinamiento Critico, 25.0
Colbún, Viviendas con Hacinamiento Medio, 461.0
Colbún, Viviendas Hacinamiento Ignorado, 199.0
Colbún, Viviendas sin Hacinamiento, 6383.0
Colbún, Total Viviendas, 7068.0
Chanco, Viviendas con Hacinamiento Critico, 12.0
Chanco, Viviendas con Hacinamiento Medio, 205.0
Chanco, Viviendas Hacinamiento Ignorado, 97.0
Chanco, Viviendas sin Hacinamiento, 2701.0
Chanco, Total Viviendas, 3015.0
Yerbas Buenas, Viviendas con Hacinamiento Critico, 38.0
Yerbas Buenas, Viviendas con Hacinamiento Medio, 416.0
Yerbas Buenas, Viviendas Hacinamiento Ignorado, 198.0
Yerbas Buenas, Viviendas sin Hacinamiento, 5272.0
Yerbas Buenas, Total Viviendas, 5924.0
Pelluhue, Viviendas con Hacinamiento Critico, 15.0
Pelluhue, Viviendas con Hacinamiento Medio, 143.0
Pelluhue, Viviendas Hacinamiento Ignorado, 104.0
Pelluhue, Viviendas sin Hacinamiento, 2508.0
Pelluhue, Total Viviendas, 2770.0
Linares, Viviendas con Hacinamiento Critico, 157.0
Linares, Viviendas con Hacinamiento Medio, 2061.0
Linares, Viviendas Hacinamiento Ignorado, 865.0
Linares, Viviendas sin Hacinamiento, 27931.0
Linares, Total Viviendas, 31014.0
Longaví, Viviendas con Hacinamiento Critico, 79.0
Longaví, Viviendas con Hacinamiento Medio, 801.0
Longaví, Viviendas Hacinamiento Ignorado, 395.0
Longaví, Viviendas sin Hacinamiento, 8785.0
Longaví, Total Viviendas, 10060.0
Cauquenes, Viviendas con Hacinamiento Critico, 86.0
Cauquenes, Viviendas con Hacinamiento Medio, 1007.0
Cauquenes, Viviendas Hacinamiento Ignorado, 521.0
Cauquenes, Viviendas sin Hacinamiento, 12575.0
Cauquenes, Total Viviendas, 14189.0
Retiro, Viviendas con Hacinamiento Critico, 43.0
Retiro, Viviendas con Hacinamiento Medio, 543.0
Retiro, Viviendas Hacinamiento Ignorado, 219.0
Retiro, Viviendas sin Hacinamiento, 6105.0
Retiro, Total Viviendas, 6910.0
Cobquecura (Región del Ñuble), Viviendas con Hacinamiento Critico, 4.0
Cobquecura (Región del Ñuble), Viviendas con Hacinamiento Medio, 80.0
Cobquecura (Región del Ñuble), Viviendas Hacinamiento Ignorado, 37.0
Cobquecura (Región del Ñuble), Viviendas sin Hacinamiento, 1823.0
Cobquecura (Región del Ñuble), Total Viviendas, 1944.0
Parral, Viviendas con Hacinamiento Critico, 74.0
Parral, Viviendas con Hacinamiento Medio, 1052.0
Parral, Viviendas Hacinamiento Ignorado, 409.0
Parral, Viviendas sin Hacinamiento, 12962.0
Parral, Total Viviendas, 14497.0
Quirihue (Región del Ñuble), Viviendas con Hacinamiento Critico, 17.0
Quirihue (Región del Ñuble), Viviendas con Hacinamiento Medio, 189.0
Quirihue (Región del Ñuble), Viviendas Hacinamiento Ignorado, 134.0
Quirihue (Región del Ñuble), Viviendas sin Hacinamiento, 3934.0
Quirihue (Región del Ñuble), Total Viviendas, 4274.0
Ñiquén (Región del Ñuble), Viviendas con Hacinamiento Critico, 23.0
Ñiquén (Región del Ñuble), Viviendas con Hacinamiento Medio, 199.0
Ñiquén (Región del Ñuble), Viviendas Hacinamiento Ignorado, 146.0
Ñiquén (Región del Ñuble), Viviendas sin Hacinamiento, 3636.0
Ñiquén (Región del Ñuble), Total Viviendas, 4004.0
Ninhue (Región del Ñuble), Viviendas con Hacinamiento Critico, 5.0
Ninhue (Región del Ñuble), Viviendas con Hacinamiento Medio, 65.0
Ninhue (Región del Ñuble), Viviendas Hacinamiento Ignorado, 57.0
Ninhue (Región del Ñuble), Viviendas sin Hacinamiento, 1774.0
Ninhue (Región del Ñuble), Total Viviendas, 1901.0
San Carlos (Región del Ñuble), Viviendas con Hacinamiento Critico, 77.0
San Carlos (Región del Ñuble), Viviendas con Hacinamiento Medio, 1000.0
San Carlos (Región del Ñuble), Viviendas Hacinamiento Ignorado, 489.0
San Carlos (Región del Ñuble), Viviendas sin Hacinamiento, 16558.0
San Carlos (Región del Ñuble), Total Viviendas, 18124.0
Treguaco (Región del Ñuble), Viviendas con Hacinamiento Critico, 4.0
Treguaco (Región del Ñuble), Viviendas con Hacinamiento Medio, 91.0
Treguaco (Región del Ñuble), Viviendas Hacinamiento Ignorado, 82.0
Treguaco (Región del Ñuble), Viviendas sin Hacinamiento, 1805.0
Treguaco (Región del Ñuble), Total Viviendas, 1982.0
Coelemu (Región del Ñuble), Viviendas con Hacinamiento Critico, 29.0
Coelemu (Región del Ñuble), Viviendas con Hacinamiento Medio, 278.0
Coelemu (Región del Ñuble), Viviendas Hacinamiento Ignorado, 190.0
Coelemu (Región del Ñuble), Viviendas sin Hacinamiento, 4736.0
Coelemu (Región del Ñuble), Total Viviendas, 5233.0
San Nicolás (Región del Ñuble), Viviendas con Hacinamiento Critico, 22.0
San Nicolás (Región del Ñuble), Viviendas con Hacinamiento Medio, 235.0
San Nicolás (Región del Ñuble), Viviendas Hacinamiento Ignorado, 106.0
San Nicolás (Región del Ñuble), Viviendas sin Hacinamiento, 3595.0
San Nicolás (Región del Ñuble), Total Viviendas, 3958.0
Portezuelo (Región del Ñuble), Viviendas con Hacinamiento Critico, 13.0
Portezuelo (Región del Ñuble), Viviendas con Hacinamiento Medio, 114.0
Portezuelo (Región del Ñuble), Viviendas Hacinamiento Ignorado, 45.0
Portezuelo (Región del Ñuble), Viviendas sin Hacinamiento, 1554.0
Portezuelo (Región del Ñuble), Total Viviendas, 1726.0
San Fabián (Región del Ñuble), Viviendas con Hacinamiento Critico, 6.0
San Fabián (Región del Ñuble), Viviendas con Hacinamiento Medio, 91.0
San Fabián (Región del Ñuble), Viviendas Hacinamiento Ignorado, 44.0
San Fabián (Región del Ñuble), Viviendas sin Hacinamiento, 1371.0
San Fabián (Región del Ñuble), Total Viviendas, 1512.0
Chillán (Región del Ñuble), Viviendas con Hacinamiento Critico, 265.0
Chillán (Región del Ñuble), Viviendas con Hacinamiento Medio, 3048.0
Chillán (Región del Ñuble), Viviendas Hacinamiento Ignorado, 1761.0
Chillán (Región del Ñuble), Viviendas sin Hacinamiento, 55395.0
Chillán (Región del Ñuble), Total Viviendas, 60469.0
Tomé, Viviendas con Hacinamiento Critico, 100.0
Tomé, Viviendas con Hacinamiento Medio, 998.0
Tomé, Viviendas Hacinamiento Ignorado, 504.0
Tomé, Viviendas sin Hacinamiento, 16532.0
Tomé, Total Viviendas, 18134.0
Coihueco (Región del Ñuble), Viviendas con Hacinamiento Critico, 27.0
Coihueco (Región del Ñuble), Viviendas con Hacinamiento Medio, 476.0
Coihueco (Región del Ñuble), Viviendas Hacinamiento Ignorado, 257.0
Coihueco (Región del Ñuble), Viviendas sin Hacinamiento, 7845.0
Coihueco (Región del Ñuble), Total Viviendas, 8605.0
Chillán Viejo (Región del Ñuble), Viviendas con Hacinamiento Critico, 59.0
Chillán Viejo (Región del Ñuble), Viviendas con Hacinamiento Medio, 626.0
Chillán Viejo (Región del Ñuble), Viviendas Hacinamiento Ignorado, 344.0
Chillán Viejo (Región del Ñuble), Viviendas sin Hacinamiento, 9012.0
Chillán Viejo (Región del Ñuble), Total Viviendas, 10041.0
Ránquil (Región del Ñuble), Viviendas con Hacinamiento Critico, 7.0
Ránquil (Región del Ñuble), Viviendas con Hacinamiento Medio, 113.0
Ránquil (Región del Ñuble), Viviendas Hacinamiento Ignorado, 42.0
Ránquil (Región del Ñuble), Viviendas sin Hacinamiento, 1937.0
Ránquil (Región del Ñuble), Total Viviendas, 2099.0
Pinto (Región del Ñuble), Viviendas con Hacinamiento Critico, 10.0
Pinto (Región del Ñuble), Viviendas con Hacinamiento Medio, 163.0
Pinto (Región del Ñuble), Viviendas Hacinamiento Ignorado, 133.0
Pinto (Región del Ñuble), Viviendas sin Hacinamiento, 3444.0
Pinto (Región del Ñuble), Total Viviendas, 3750.0
Penco, Viviendas con Hacinamiento Critico, 69.0
Penco, Viviendas con Hacinamiento Medio, 1129.0
Penco, Viviendas Hacinamiento Ignorado, 371.0
Penco, Viviendas sin Hacinamiento, 13058.0
Penco, Total Viviendas, 14627.0
Bulnes (Región del Ñuble), Viviendas con Hacinamiento Critico, 33.0
Bulnes (Región del Ñuble), Viviendas con Hacinamiento Medio, 410.0
Bulnes (Región del Ñuble), Viviendas Hacinamiento Ignorado, 216.0
Bulnes (Región del Ñuble), Viviendas sin Hacinamiento, 6431.0
Bulnes (Región del Ñuble), Total Viviendas, 7090.0
Quillón (Región del Ñuble), Viviendas con Hacinamiento Critico, 32.0
Quillón (Región del Ñuble), Viviendas con Hacinamiento Medio, 335.0
Quillón (Región del Ñuble), Viviendas Hacinamiento Ignorado, 196.0
Quillón (Región del Ñuble), Viviendas sin Hacinamiento, 5799.0
Quillón (Región del Ñuble), Total Viviendas, 6362.0
Talcahuano, Viviendas con Hacinamiento Critico, 248.0
Talcahuano, Viviendas con Hacinamiento Medio, 2489.0
Talcahuano, Viviendas Hacinamiento Ignorado, 1303.0
Talcahuano, Viviendas sin Hacinamiento, 42549.0
Talcahuano, Total Viviendas, 46589.0
Hualpén, Viviendas con Hacinamiento Critico, 101.0
Hualpén, Viviendas con Hacinamiento Medio, 1575.0
Hualpén, Viviendas Hacinamiento Ignorado, 920.0
Hualpén, Viviendas sin Hacinamiento, 26049.0
Hualpén, Total Viviendas, 28645.0
San Ignacio (Región del Ñuble), Viviendas con Hacinamiento Critico, 25.0
San Ignacio (Región del Ñuble), Viviendas con Hacinamiento Medio, 269.0
San Ignacio (Región del Ñuble), Viviendas Hacinamiento Ignorado, 155.0
San Ignacio (Región del Ñuble), Viviendas sin Hacinamiento, 5131.0
San Ignacio (Región del Ñuble), Total Viviendas, 5580.0
Concepción, Viviendas con Hacinamiento Critico, 453.0
Concepción, Viviendas con Hacinamiento Medio, 3204.0
Concepción, Viviendas Hacinamiento Ignorado, 2059.0
Concepción, Viviendas sin Hacinamiento, 69431.0
Concepción, Total Viviendas, 75147.0
Florida, Viviendas con Hacinamiento Critico, 21.0
Florida, Viviendas con Hacinamiento Medio, 149.0
Florida, Viviendas Hacinamiento Ignorado, 98.0
Florida, Viviendas sin Hacinamiento, 3436.0
Florida, Total Viviendas, 3704.0
San Pedro De La Paz, Viviendas con Hacinamiento Critico, 166.0
San Pedro De La Paz, Viviendas con Hacinamiento Medio, 2438.0
San Pedro De La Paz, Viviendas Hacinamiento Ignorado, 1021.0
San Pedro De La Paz, Viviendas sin Hacinamiento, 38049.0
San Pedro De La Paz, Total Viviendas, 41674.0
El Carmen (Región del Ñuble), Viviendas con Hacinamiento Critico, 15.0
El Carmen (Región del Ñuble), Viviendas con Hacinamiento Medio, 176.0
El Carmen (Región del Ñuble), Viviendas Hacinamiento Ignorado, 114.0
El Carmen (Región del Ñuble), Viviendas sin Hacinamiento, 3770.0
El Carmen (Región del Ñuble), Total Viviendas, 4075.0
Chiguayante, Viviendas con Hacinamiento Critico, 86.0
Chiguayante, Viviendas con Hacinamiento Medio, 1306.0
Chiguayante, Viviendas Hacinamiento Ignorado, 741.0
Chiguayante, Viviendas sin Hacinamiento, 24419.0
Chiguayante, Total Viviendas, 26552.0
Hualqui, Viviendas con Hacinamiento Critico, 40.0
Hualqui, Viviendas con Hacinamiento Medio, 561.0
Hualqui, Viviendas Hacinamiento Ignorado, 179.0
Hualqui, Viviendas sin Hacinamiento, 6887.0
Hualqui, Total Viviendas, 7667.0
Pemuco (Región del Ñuble), Viviendas con Hacinamiento Critico, 11.0
Pemuco (Región del Ñuble), Viviendas con Hacinamiento Medio, 164.0
Pemuco (Región del Ñuble), Viviendas Hacinamiento Ignorado, 31.0
Pemuco (Región del Ñuble), Viviendas sin Hacinamiento, 2570.0
Pemuco (Región del Ñuble), Total Viviendas, 2776.0
Coronel, Viviendas con Hacinamiento Critico, 131.0
Coronel, Viviendas con Hacinamiento Medio, 2457.0
Coronel, Viviendas Hacinamiento Ignorado, 1076.0
Coronel, Viviendas sin Hacinamiento, 32635.0
Coronel, Total Viviendas, 36299.0
Cabrero, Viviendas con Hacinamiento Critico, 34.0
Cabrero, Viviendas con Hacinamiento Medio, 532.0
Cabrero, Viviendas Hacinamiento Ignorado, 280.0
Cabrero, Viviendas sin Hacinamiento, 8605.0
Cabrero, Total Viviendas, 9451.0
Lota, Viviendas con Hacinamiento Critico, 63.0
Lota, Viviendas con Hacinamiento Medio, 1078.0
Lota, Viviendas Hacinamiento Ignorado, 409.0
Lota, Viviendas sin Hacinamiento, 12108.0
Lota, Total Viviendas, 13658.0
Yumbel, Viviendas con Hacinamiento Critico, 47.0
Yumbel, Viviendas con Hacinamiento Medio, 391.0
Yumbel, Viviendas Hacinamiento Ignorado, 238.0
Yumbel, Viviendas sin Hacinamiento, 6743.0
Yumbel, Total Viviendas, 7419.0
Yungay (Región del Ñuble), Viviendas con Hacinamiento Critico, 21.0
Yungay (Región del Ñuble), Viviendas con Hacinamiento Medio, 285.0
Yungay (Región del Ñuble), Viviendas Hacinamiento Ignorado, 200.0
Yungay (Región del Ñuble), Viviendas sin Hacinamiento, 5761.0
Yungay (Región del Ñuble), Total Viviendas, 6267.0
Santa Juana, Viviendas con Hacinamiento Critico, 16.0
Santa Juana, Viviendas con Hacinamiento Medio, 254.0
Santa Juana, Viviendas Hacinamiento Ignorado, 133.0
Santa Juana, Viviendas sin Hacinamiento, 4321.0
Santa Juana, Total Viviendas, 4724.0
Arauco, Viviendas con Hacinamiento Critico, 31.0
Arauco, Viviendas con Hacinamiento Medio, 710.0
Arauco, Viviendas Hacinamiento Ignorado, 388.0
Arauco, Viviendas sin Hacinamiento, 10391.0
Arauco, Total Viviendas, 11520.0
San Rosendo, Viviendas con Hacinamiento Critico, 14.0
San Rosendo, Viviendas con Hacinamiento Medio, 76.0
San Rosendo, Viviendas Hacinamiento Ignorado, 30.0
San Rosendo, Viviendas sin Hacinamiento, 1090.0
San Rosendo, Total Viviendas, 1210.0
Laja, Viviendas con Hacinamiento Critico, 37.0
Laja, Viviendas con Hacinamiento Medio, 500.0
Laja, Viviendas Hacinamiento Ignorado, 204.0
Laja, Viviendas sin Hacinamiento, 6773.0
Laja, Total Viviendas, 7514.0
Tucapel, Viviendas con Hacinamiento Critico, 18.0
Tucapel, Viviendas con Hacinamiento Medio, 217.0
Tucapel, Viviendas Hacinamiento Ignorado, 165.0
Tucapel, Viviendas sin Hacinamiento, 4536.0
Tucapel, Total Viviendas, 4936.0
Antuco, Viviendas con Hacinamiento Critico, 2.0
Antuco, Viviendas con Hacinamiento Medio, 62.0
Antuco, Viviendas Hacinamiento Ignorado, 45.0
Antuco, Viviendas sin Hacinamiento, 1315.0
Antuco, Total Viviendas, 1424.0
Los Ángeles, Viviendas con Hacinamiento Critico, 372.0
Los Ángeles, Viviendas con Hacinamiento Medio, 3994.0
Los Ángeles, Viviendas Hacinamiento Ignorado, 1776.0
Los Ángeles, Viviendas sin Hacinamiento, 58470.0
Los Ángeles, Total Viviendas, 64612.0
Quilleco, Viviendas con Hacinamiento Critico, 9.0
Quilleco, Viviendas con Hacinamiento Medio, 183.0
Quilleco, Viviendas Hacinamiento Ignorado, 59.0
Quilleco, Viviendas sin Hacinamiento, 2997.0
Quilleco, Total Viviendas, 3248.0
Curanilahue, Viviendas con Hacinamiento Critico, 37.0
Curanilahue, Viviendas con Hacinamiento Medio, 702.0
Curanilahue, Viviendas Hacinamiento Ignorado, 302.0
Curanilahue, Viviendas sin Hacinamiento, 9168.0
Curanilahue, Total Viviendas, 10209.0
Nacimiento, Viviendas con Hacinamiento Critico, 36.0
Nacimiento, Viviendas con Hacinamiento Medio, 565.0
Nacimiento, Viviendas Hacinamiento Ignorado, 186.0
Nacimiento, Viviendas sin Hacinamiento, 7688.0
Nacimiento, Total Viviendas, 8475.0
Negrete, Viviendas con Hacinamiento Critico, 9.0
Negrete, Viviendas con Hacinamiento Medio, 223.0
Negrete, Viviendas Hacinamiento Ignorado, 101.0
Negrete, Viviendas sin Hacinamiento, 2774.0
Negrete, Total Viviendas, 3107.0
Lebu, Viviendas con Hacinamiento Critico, 33.0
Lebu, Viviendas con Hacinamiento Medio, 630.0
Lebu, Viviendas Hacinamiento Ignorado, 239.0
Lebu, Viviendas sin Hacinamiento, 7036.0
Lebu, Total Viviendas, 7938.0
Los Álamos, Viviendas con Hacinamiento Critico, 35.0
Los Álamos, Viviendas con Hacinamiento Medio, 503.0
Los Álamos, Viviendas Hacinamiento Ignorado, 206.0
Los Álamos, Viviendas sin Hacinamiento, 6028.0
Los Álamos, Total Viviendas, 6772.0
Santa Bárbara, Viviendas con Hacinamiento Critico, 29.0
Santa Bárbara, Viviendas con Hacinamiento Medio, 344.0
Santa Bárbara, Viviendas Hacinamiento Ignorado, 141.0
Santa Bárbara, Viviendas sin Hacinamiento, 4043.0
Santa Bárbara, Total Viviendas, 4557.0
Renaico, Viviendas con Hacinamiento Critico, 11.0
Renaico, Viviendas con Hacinamiento Medio, 276.0
Renaico, Viviendas Hacinamiento Ignorado, 100.0
Renaico, Viviendas sin Hacinamiento, 3005.0
Renaico, Total Viviendas, 3392.0
Quilaco, Viviendas con Hacinamiento Critico, 4.0
Quilaco, Viviendas con Hacinamiento Medio, 72.0
Quilaco, Viviendas Hacinamiento Ignorado, 41.0
Quilaco, Viviendas sin Hacinamiento, 1326.0
Quilaco, Total Viviendas, 1443.0
Mulchén, Viviendas con Hacinamiento Critico, 44.0
Mulchén, Viviendas con Hacinamiento Medio, 630.0
Mulchén, Viviendas Hacinamiento Ignorado, 269.0
Mulchén, Viviendas sin Hacinamiento, 8475.0
Mulchén, Total Viviendas, 9418.0
Angol, Viviendas con Hacinamiento Critico, 60.0
Angol, Viviendas con Hacinamiento Medio, 1044.0
Angol, Viviendas Hacinamiento Ignorado, 452.0
Angol, Viviendas sin Hacinamiento, 15452.0
Angol, Total Viviendas, 17008.0
Cañete, Viviendas con Hacinamiento Critico, 38.0
Cañete, Viviendas con Hacinamiento Medio, 625.0
Cañete, Viviendas Hacinamiento Ignorado, 412.0
Cañete, Viviendas sin Hacinamiento, 10051.0
Cañete, Total Viviendas, 11126.0
Alto Biobío, Viviendas con Hacinamiento Critico, 33.0
Alto Biobío, Viviendas con Hacinamiento Medio, 258.0
Alto Biobío, Viviendas Hacinamiento Ignorado, 71.0
Alto Biobío, Viviendas sin Hacinamiento, 1395.0
Alto Biobío, Total Viviendas, 1757.0
Collipulli, Viviendas con Hacinamiento Critico, 54.0
Collipulli, Viviendas con Hacinamiento Medio, 624.0
Collipulli, Viviendas Hacinamiento Ignorado, 260.0
Collipulli, Viviendas sin Hacinamiento, 7078.0
Collipulli, Total Viviendas, 8016.0
Los Sauces, Viviendas con Hacinamiento Critico, 11.0
Los Sauces, Viviendas con Hacinamiento Medio, 140.0
Los Sauces, Viviendas Hacinamiento Ignorado, 108.0
Los Sauces, Viviendas sin Hacinamiento, 2208.0
Los Sauces, Total Viviendas, 2467.0
Contulmo, Viviendas con Hacinamiento Critico, 8.0
Contulmo, Viviendas con Hacinamiento Medio, 107.0
Contulmo, Viviendas Hacinamiento Ignorado, 57.0
Contulmo, Viviendas sin Hacinamiento, 1874.0
Contulmo, Total Viviendas, 2046.0
Purén, Viviendas con Hacinamiento Critico, 25.0
Purén, Viviendas con Hacinamiento Medio, 293.0
Purén, Viviendas Hacinamiento Ignorado, 129.0
Purén, Viviendas sin Hacinamiento, 3523.0
Purén, Total Viviendas, 3970.0
Ercilla, Viviendas con Hacinamiento Critico, 25.0
Ercilla, Viviendas con Hacinamiento Medio, 250.0
Ercilla, Viviendas Hacinamiento Ignorado, 79.0
Ercilla, Viviendas sin Hacinamiento, 2160.0
Ercilla, Total Viviendas, 2514.0
Lumaco, Viviendas con Hacinamiento Critico, 30.0
Lumaco, Viviendas con Hacinamiento Medio, 236.0
Lumaco, Viviendas Hacinamiento Ignorado, 131.0
Lumaco, Viviendas sin Hacinamiento, 2819.0
Lumaco, Total Viviendas, 3216.0
Victoria, Viviendas con Hacinamiento Critico, 64.0
Victoria, Viviendas con Hacinamiento Medio, 804.0
Victoria, Viviendas Hacinamiento Ignorado, 349.0
Victoria, Viviendas sin Hacinamiento, 9990.0
Victoria, Total Viviendas, 11207.0
Traiguén, Viviendas con Hacinamiento Critico, 34.0
Traiguén, Viviendas con Hacinamiento Medio, 438.0
Traiguén, Viviendas Hacinamiento Ignorado, 166.0
Traiguén, Viviendas sin Hacinamiento, 5620.0
Traiguén, Total Viviendas, 6258.0
Tirúa, Viviendas con Hacinamiento Critico, 22.0
Tirúa, Viviendas con Hacinamiento Medio, 259.0
Tirúa, Viviendas Hacinamiento Ignorado, 115.0
Tirúa, Viviendas sin Hacinamiento, 2917.0
Tirúa, Total Viviendas, 3313.0
Galvarino, Viviendas con Hacinamiento Critico, 39.0
Galvarino, Viviendas con Hacinamiento Medio, 329.0
Galvarino, Viviendas Hacinamiento Ignorado, 140.0
Galvarino, Viviendas sin Hacinamiento, 3275.0
Galvarino, Total Viviendas, 3783.0
Perquenco, Viviendas con Hacinamiento Critico, 19.0
Perquenco, Viviendas con Hacinamiento Medio, 170.0
Perquenco, Viviendas Hacinamiento Ignorado, 57.0
Perquenco, Viviendas sin Hacinamiento, 2068.0
Perquenco, Total Viviendas, 2314.0
Curacautín, Viviendas con Hacinamiento Critico, 21.0
Curacautín, Viviendas con Hacinamiento Medio, 341.0
Curacautín, Viviendas Hacinamiento Ignorado, 214.0
Curacautín, Viviendas sin Hacinamiento, 5507.0
Curacautín, Total Viviendas, 6083.0
Lonquimay, Viviendas con Hacinamiento Critico, 29.0
Lonquimay, Viviendas con Hacinamiento Medio, 279.0
Lonquimay, Viviendas Hacinamiento Ignorado, 142.0
Lonquimay, Viviendas sin Hacinamiento, 2910.0
Lonquimay, Total Viviendas, 3360.0
Lautaro, Viviendas con Hacinamiento Critico, 52.0
Lautaro, Viviendas con Hacinamiento Medio, 873.0
Lautaro, Viviendas Hacinamiento Ignorado, 520.0
Lautaro, Viviendas sin Hacinamiento, 10571.0
Lautaro, Total Viviendas, 12016.0
Cholchol, Viviendas con Hacinamiento Critico, 44.0
Cholchol, Viviendas con Hacinamiento Medio, 300.0
Cholchol, Viviendas Hacinamiento Ignorado, 171.0
Cholchol, Viviendas sin Hacinamiento, 3049.0
Cholchol, Total Viviendas, 3564.0
Vilcún, Viviendas con Hacinamiento Critico, 57.0
Vilcún, Viviendas con Hacinamiento Medio, 690.0
Vilcún, Viviendas Hacinamiento Ignorado, 326.0
Vilcún, Viviendas sin Hacinamiento, 8054.0
Vilcún, Total Viviendas, 9127.0
Carahue, Viviendas con Hacinamiento Critico, 59.0
Carahue, Viviendas con Hacinamiento Medio, 562.0
Carahue, Viviendas Hacinamiento Ignorado, 296.0
Carahue, Viviendas sin Hacinamiento, 6978.0
Carahue, Total Viviendas, 7895.0
Temuco, Viviendas con Hacinamiento Critico, 580.0
Temuco, Viviendas con Hacinamiento Medio, 5359.0
Temuco, Viviendas Hacinamiento Ignorado, 2770.0
Temuco, Viviendas sin Hacinamiento, 83604.0
Temuco, Total Viviendas, 92313.0
Nueva Imperial, Viviendas con Hacinamiento Critico, 69.0
Nueva Imperial, Viviendas con Hacinamiento Medio, 771.0
Nueva Imperial, Viviendas Hacinamiento Ignorado, 356.0
Nueva Imperial, Viviendas sin Hacinamiento, 9168.0
Nueva Imperial, Total Viviendas, 10364.0
Padre Las Casas, Viviendas con Hacinamiento Critico, 158.0
Padre Las Casas, Viviendas con Hacinamiento Medio, 1941.0
Padre Las Casas, Viviendas Hacinamiento Ignorado, 707.0
Padre Las Casas, Viviendas sin Hacinamiento, 20336.0
Padre Las Casas, Total Viviendas, 23142.0
Saavedra, Viviendas con Hacinamiento Critico, 46.0
Saavedra, Viviendas con Hacinamiento Medio, 330.0
Saavedra, Viviendas Hacinamiento Ignorado, 158.0
Saavedra, Viviendas sin Hacinamiento, 3758.0
Saavedra, Total Viviendas, 4292.0
Melipeuco, Viviendas con Hacinamiento Critico, 6.0
Melipeuco, Viviendas con Hacinamiento Medio, 110.0
Melipeuco, Viviendas Hacinamiento Ignorado, 73.0
Melipeuco, Viviendas sin Hacinamiento, 1917.0
Melipeuco, Total Viviendas, 2106.0
Cunco, Viviendas con Hacinamiento Critico, 37.0
Cunco, Viviendas con Hacinamiento Medio, 348.0
Cunco, Viviendas Hacinamiento Ignorado, 181.0
Cunco, Viviendas sin Hacinamiento, 5484.0
Cunco, Total Viviendas, 6050.0
Freire, Viviendas con Hacinamiento Critico, 57.0
Freire, Viviendas con Hacinamiento Medio, 587.0
Freire, Viviendas Hacinamiento Ignorado, 237.0
Freire, Viviendas sin Hacinamiento, 7199.0
Freire, Total Viviendas, 8080.0
Pitrufquén, Viviendas con Hacinamiento Critico, 46.0
Pitrufquén, Viviendas con Hacinamiento Medio, 549.0
Pitrufquén, Viviendas Hacinamiento Ignorado, 315.0
Pitrufquén, Viviendas sin Hacinamiento, 7577.0
Pitrufquén, Total Viviendas, 8487.0
Teodoro Schmidt, Viviendas con Hacinamiento Critico, 39.0
Teodoro Schmidt, Viviendas con Hacinamiento Medio, 334.0
Teodoro Schmidt, Viviendas Hacinamiento Ignorado, 116.0
Teodoro Schmidt, Viviendas sin Hacinamiento, 4860.0
Teodoro Schmidt, Total Viviendas, 5349.0
Gorbea, Viviendas con Hacinamiento Critico, 22.0
Gorbea, Viviendas con Hacinamiento Medio, 296.0
Gorbea, Viviendas Hacinamiento Ignorado, 151.0
Gorbea, Viviendas sin Hacinamiento, 4613.0
Gorbea, Total Viviendas, 5082.0
Toltén, Viviendas con Hacinamiento Critico, 21.0
Toltén, Viviendas con Hacinamiento Medio, 196.0
Toltén, Viviendas Hacinamiento Ignorado, 79.0
Toltén, Viviendas sin Hacinamiento, 3045.0
Toltén, Total Viviendas, 3341.0
Pucón, Viviendas con Hacinamiento Critico, 70.0
Pucón, Viviendas con Hacinamiento Medio, 630.0
Pucón, Viviendas Hacinamiento Ignorado, 353.0
Pucón, Viviendas sin Hacinamiento, 8286.0
Pucón, Total Viviendas, 9339.0
Villarrica, Viviendas con Hacinamiento Critico, 134.0
Villarrica, Viviendas con Hacinamiento Medio, 1278.0
Villarrica, Viviendas Hacinamiento Ignorado, 553.0
Villarrica, Viviendas sin Hacinamiento, 16403.0
Villarrica, Total Viviendas, 18368.0
Curarrehue, Viviendas con Hacinamiento Critico, 19.0
Curarrehue, Viviendas con Hacinamiento Medio, 236.0
Curarrehue, Viviendas Hacinamiento Ignorado, 65.0
Curarrehue, Viviendas sin Hacinamiento, 2155.0
Curarrehue, Total Viviendas, 2475.0
Loncoche, Viviendas con Hacinamiento Critico, 41.0
Loncoche, Viviendas con Hacinamiento Medio, 541.0
Loncoche, Viviendas Hacinamiento Ignorado, 221.0
Loncoche, Viviendas sin Hacinamiento, 7398.0
Loncoche, Total Viviendas, 8201.0
Mariquina (Región de los Ríos), Viviendas con Hacinamiento Critico, 52.0
Mariquina (Región de los Ríos), Viviendas con Hacinamiento Medio, 555.0
Mariquina (Región de los Ríos), Viviendas Hacinamiento Ignorado, 259.0
Mariquina (Región de los Ríos), Viviendas sin Hacinamiento, 5942.0
Mariquina (Región de los Ríos), Total Viviendas, 6808.0
Lanco (Región de los Ríos), Viviendas con Hacinamiento Critico, 31.0
Lanco (Región de los Ríos), Viviendas con Hacinamiento Medio, 365.0
Lanco (Región de los Ríos), Viviendas Hacinamiento Ignorado, 191.0
Lanco (Región de los Ríos), Viviendas sin Hacinamiento, 5056.0
Lanco (Región de los Ríos), Total Viviendas, 5643.0
Panguipulli (Región de los Ríos), Viviendas con Hacinamiento Critico, 79.0
Panguipulli (Región de los Ríos), Viviendas con Hacinamiento Medio, 753.0
Panguipulli (Región de los Ríos), Viviendas Hacinamiento Ignorado, 479.0
Panguipulli (Región de los Ríos), Viviendas sin Hacinamiento, 10304.0
Panguipulli (Región de los Ríos), Total Viviendas, 11615.0
Máfil (Región de los Ríos), Viviendas con Hacinamiento Critico, 10.0
Máfil (Región de los Ríos), Viviendas con Hacinamiento Medio, 151.0
Máfil (Región de los Ríos), Viviendas Hacinamiento Ignorado, 78.0
Máfil (Región de los Ríos), Viviendas sin Hacinamiento, 2078.0
Máfil (Región de los Ríos), Total Viviendas, 2317.0
Valdivia (Región de los Ríos), Viviendas con Hacinamiento Critico, 291.0
Valdivia (Región de los Ríos), Viviendas con Hacinamiento Medio, 2871.0
Valdivia (Región de los Ríos), Viviendas Hacinamiento Ignorado, 1699.0
Valdivia (Región de los Ríos), Viviendas sin Hacinamiento, 48763.0
Valdivia (Región de los Ríos), Total Viviendas, 53624.0
Los Lagos (Región de los Ríos), Viviendas con Hacinamiento Critico, 26.0
Los Lagos (Región de los Ríos), Viviendas con Hacinamiento Medio, 417.0
Los Lagos (Región de los Ríos), Viviendas Hacinamiento Ignorado, 169.0
Los Lagos (Región de los Ríos), Viviendas sin Hacinamiento, 5834.0
Los Lagos (Región de los Ríos), Total Viviendas, 6446.0
Corral (Región de los Ríos), Viviendas con Hacinamiento Critico, 6.0
Corral (Región de los Ríos), Viviendas con Hacinamiento Medio, 103.0
Corral (Región de los Ríos), Viviendas Hacinamiento Ignorado, 82.0
Corral (Región de los Ríos), Viviendas sin Hacinamiento, 1651.0
Corral (Región de los Ríos), Total Viviendas, 1842.0
Paillaco (Región de los Ríos), Viviendas con Hacinamiento Critico, 32.0
Paillaco (Región de los Ríos), Viviendas con Hacinamiento Medio, 497.0
Paillaco (Región de los Ríos), Viviendas Hacinamiento Ignorado, 185.0
Paillaco (Región de los Ríos), Viviendas sin Hacinamiento, 5762.0
Paillaco (Región de los Ríos), Total Viviendas, 6476.0
Futrono (Región de los Ríos), Viviendas con Hacinamiento Critico, 31.0
Futrono (Región de los Ríos), Viviendas con Hacinamiento Medio, 325.0
Futrono (Región de los Ríos), Viviendas Hacinamiento Ignorado, 162.0
Futrono (Región de los Ríos), Viviendas sin Hacinamiento, 4362.0
Futrono (Región de los Ríos), Total Viviendas, 4880.0
La Unión (Región de los Ríos), Viviendas con Hacinamiento Critico, 58.0
La Unión (Región de los Ríos), Viviendas con Hacinamiento Medio, 788.0
La Unión (Región de los Ríos), Viviendas Hacinamiento Ignorado, 428.0
La Unión (Región de los Ríos), Viviendas sin Hacinamiento, 11557.0
La Unión (Región de los Ríos), Total Viviendas, 12831.0
Lago Ranco (Región de los Ríos), Viviendas con Hacinamiento Critico, 26.0
Lago Ranco (Región de los Ríos), Viviendas con Hacinamiento Medio, 207.0
Lago Ranco (Región de los Ríos), Viviendas Hacinamiento Ignorado, 112.0
Lago Ranco (Región de los Ríos), Viviendas sin Hacinamiento, 3188.0
Lago Ranco (Región de los Ríos), Total Viviendas, 3533.0
Río Bueno (Región de los Ríos), Viviendas con Hacinamiento Critico, 68.0
Río Bueno (Región de los Ríos), Viviendas con Hacinamiento Medio, 666.0
Río Bueno (Región de los Ríos), Viviendas Hacinamiento Ignorado, 377.0
Río Bueno (Región de los Ríos), Viviendas sin Hacinamiento, 9940.0
Río Bueno (Región de los Ríos), Total Viviendas, 11051.0
San Pablo, Viviendas con Hacinamiento Critico, 23.0
San Pablo, Viviendas con Hacinamiento Medio, 231.0
San Pablo, Viviendas Hacinamiento Ignorado, 152.0
San Pablo, Viviendas sin Hacinamiento, 3127.0
San Pablo, Total Viviendas, 3533.0
Osorno, Viviendas con Hacinamiento Critico, 429.0
Osorno, Viviendas con Hacinamiento Medio, 3636.0
Osorno, Viviendas Hacinamiento Ignorado, 1642.0
Osorno, Viviendas sin Hacinamiento, 48114.0
Osorno, Total Viviendas, 53821.0
San Juan De La Costa, Viviendas con Hacinamiento Critico, 41.0
San Juan De La Costa, Viviendas con Hacinamiento Medio, 216.0
San Juan De La Costa, Viviendas Hacinamiento Ignorado, 119.0
San Juan De La Costa, Viviendas sin Hacinamiento, 2470.0
San Juan De La Costa, Total Viviendas, 2846.0
Puyehue, Viviendas con Hacinamiento Critico, 12.0
Puyehue, Viviendas con Hacinamiento Medio, 266.0
Puyehue, Viviendas Hacinamiento Ignorado, 138.0
Puyehue, Viviendas sin Hacinamiento, 3372.0
Puyehue, Total Viviendas, 3788.0
Río Negro, Viviendas con Hacinamiento Critico, 41.0
Río Negro, Viviendas con Hacinamiento Medio, 304.0
Río Negro, Viviendas Hacinamiento Ignorado, 165.0
Río Negro, Viviendas sin Hacinamiento, 4291.0
Río Negro, Total Viviendas, 4801.0
Purranque, Viviendas con Hacinamiento Critico, 44.0
Purranque, Viviendas con Hacinamiento Medio, 470.0
Purranque, Viviendas Hacinamiento Ignorado, 239.0
Purranque, Viviendas sin Hacinamiento, 6033.0
Purranque, Total Viviendas, 6786.0
Puerto Octay, Viviendas con Hacinamiento Critico, 29.0
Puerto Octay, Viviendas con Hacinamiento Medio, 200.0
Puerto Octay, Viviendas Hacinamiento Ignorado, 101.0
Puerto Octay, Viviendas sin Hacinamiento, 2658.0
Puerto Octay, Total Viviendas, 2988.0
Frutillar, Viviendas con Hacinamiento Critico, 45.0
Frutillar, Viviendas con Hacinamiento Medio, 390.0
Frutillar, Viviendas Hacinamiento Ignorado, 206.0
Frutillar, Viviendas sin Hacinamiento, 5626.0
Frutillar, Total Viviendas, 6267.0
Fresia, Viviendas con Hacinamiento Critico, 37.0
Fresia, Viviendas con Hacinamiento Medio, 274.0
Fresia, Viviendas Hacinamiento Ignorado, 98.0
Fresia, Viviendas sin Hacinamiento, 3947.0
Fresia, Total Viviendas, 4356.0
Llanquihue, Viviendas con Hacinamiento Critico, 39.0
Llanquihue, Viviendas con Hacinamiento Medio, 405.0
Llanquihue, Viviendas Hacinamiento Ignorado, 180.0
Llanquihue, Viviendas sin Hacinamiento, 4926.0
Llanquihue, Total Viviendas, 5550.0
Puerto Varas, Viviendas con Hacinamiento Critico, 46.0
Puerto Varas, Viviendas con Hacinamiento Medio, 715.0
Puerto Varas, Viviendas Hacinamiento Ignorado, 484.0
Puerto Varas, Viviendas sin Hacinamiento, 12986.0
Puerto Varas, Total Viviendas, 14231.0
Los Muermos, Viviendas con Hacinamiento Critico, 37.0
Los Muermos, Viviendas con Hacinamiento Medio, 318.0
Los Muermos, Viviendas Hacinamiento Ignorado, 183.0
Los Muermos, Viviendas sin Hacinamiento, 5452.0
Los Muermos, Total Viviendas, 5990.0
Puerto Montt, Viviendas con Hacinamiento Critico, 396.0
Puerto Montt, Viviendas con Hacinamiento Medio, 4584.0
Puerto Montt, Viviendas Hacinamiento Ignorado, 2121.0
Puerto Montt, Viviendas sin Hacinamiento, 71719.0
Puerto Montt, Total Viviendas, 78820.0
Maullín, Viviendas con Hacinamiento Critico, 7.0
Maullín, Viviendas con Hacinamiento Medio, 186.0
Maullín, Viviendas Hacinamiento Ignorado, 161.0
Maullín, Viviendas sin Hacinamiento, 4758.0
Maullín, Total Viviendas, 5112.0
Cochamó, Viviendas con Hacinamiento Critico, 12.0
Cochamó, Viviendas con Hacinamiento Medio, 81.0
Cochamó, Viviendas Hacinamiento Ignorado, 44.0
Cochamó, Viviendas sin Hacinamiento, 1463.0
Cochamó, Total Viviendas, 1600.0
Calbuco, Viviendas con Hacinamiento Critico, 51.0
Calbuco, Viviendas con Hacinamiento Medio, 672.0
Calbuco, Viviendas Hacinamiento Ignorado, 366.0
Calbuco, Viviendas sin Hacinamiento, 10057.0
Calbuco, Total Viviendas, 11146.0
Ancud, Viviendas con Hacinamiento Critico, 37.0
Ancud, Viviendas con Hacinamiento Medio, 607.0
Ancud, Viviendas Hacinamiento Ignorado, 523.0
Ancud, Viviendas sin Hacinamiento, 12194.0
Ancud, Total Viviendas, 13361.0
Hualaihué, Viviendas con Hacinamiento Critico, 15.0
Hualaihué, Viviendas con Hacinamiento Medio, 137.0
Hualaihué, Viviendas Hacinamiento Ignorado, 74.0
Hualaihué, Viviendas sin Hacinamiento, 2867.0
Hualaihué, Total Viviendas, 3093.0
Quemchi, Viviendas con Hacinamiento Critico, 6.0
Quemchi, Viviendas con Hacinamiento Medio, 101.0
Quemchi, Viviendas Hacinamiento Ignorado, 82.0
Quemchi, Viviendas sin Hacinamiento, 2821.0
Quemchi, Total Viviendas, 3010.0
Dalcahue, Viviendas con Hacinamiento Critico, 10.0
Dalcahue, Viviendas con Hacinamiento Medio, 221.0
Dalcahue, Viviendas Hacinamiento Ignorado, 135.0
Dalcahue, Viviendas sin Hacinamiento, 4164.0
Dalcahue, Total Viviendas, 4530.0
Curaco De Vélez, Viviendas con Hacinamiento Critico, 2.0
Curaco De Vélez, Viviendas con Hacinamiento Medio, 66.0
Curaco De Vélez, Viviendas Hacinamiento Ignorado, 34.0
Curaco De Vélez, Viviendas sin Hacinamiento, 1207.0
Curaco De Vélez, Total Viviendas, 1309.0
Quinchao, Viviendas con Hacinamiento Critico, 14.0
Quinchao, Viviendas con Hacinamiento Medio, 104.0
Quinchao, Viviendas Hacinamiento Ignorado, 76.0
Quinchao, Viviendas sin Hacinamiento, 2560.0
Quinchao, Total Viviendas, 2754.0
Castro, Viviendas con Hacinamiento Critico, 44.0
Castro, Viviendas con Hacinamiento Medio, 669.0
Castro, Viviendas Hacinamiento Ignorado, 486.0
Castro, Viviendas sin Hacinamiento, 13255.0
Castro, Total Viviendas, 14454.0
Puqueldón, Viviendas con Hacinamiento Critico, 2.0
Puqueldón, Viviendas con Hacinamiento Medio, 52.0
Puqueldón, Viviendas Hacinamiento Ignorado, 25.0
Puqueldón, Viviendas sin Hacinamiento, 1256.0
Puqueldón, Total Viviendas, 1335.0
Chonchi, Viviendas con Hacinamiento Critico, 14.0
Chonchi, Viviendas con Hacinamiento Medio, 258.0
Chonchi, Viviendas Hacinamiento Ignorado, 167.0
Chonchi, Viviendas sin Hacinamiento, 4606.0
Chonchi, Total Viviendas, 5045.0
Queilén, Viviendas con Hacinamiento Critico, 6.0
Queilén, Viviendas con Hacinamiento Medio, 108.0
Queilén, Viviendas Hacinamiento Ignorado, 29.0
Queilén, Viviendas sin Hacinamiento, 1715.0
Queilén, Total Viviendas, 1858.0
Chaitén, Viviendas con Hacinamiento Critico, 9.0
Chaitén, Viviendas con Hacinamiento Medio, 68.0
Chaitén, Viviendas Hacinamiento Ignorado, 20.0
Chaitén, Viviendas sin Hacinamiento, 1528.0
Chaitén, Total Viviendas, 1625.0
Quellón, Viviendas con Hacinamiento Critico, 37.0
Quellón, Viviendas con Hacinamiento Medio, 568.0
Quellón, Viviendas Hacinamiento Ignorado, 306.0
Quellón, Viviendas sin Hacinamiento, 8169.0
Quellón, Total Viviendas, 9080.0
Futaleufú, Viviendas con Hacinamiento Critico, 5.0
Futaleufú, Viviendas con Hacinamiento Medio, 42.0
Futaleufú, Viviendas Hacinamiento Ignorado, 29.0
Futaleufú, Viviendas sin Hacinamiento, 926.0
Futaleufú, Total Viviendas, 1002.0
Palena, Viviendas con Hacinamiento Critico, 4.0
Palena, Viviendas con Hacinamiento Medio, 24.0
Palena, Viviendas Hacinamiento Ignorado, 9.0
Palena, Viviendas sin Hacinamiento, 678.0
Palena, Total Viviendas, 715.0
Guaitecas, Viviendas con Hacinamiento Critico, 4.0
Guaitecas, Viviendas con Hacinamiento Medio, 24.0
Guaitecas, Viviendas Hacinamiento Ignorado, 8.0
Guaitecas, Viviendas sin Hacinamiento, 471.0
Guaitecas, Total Viviendas, 507.0
Lago Verde, Viviendas con Hacinamiento Critico, 2.0
Lago Verde, Viviendas con Hacinamiento Medio, 18.0
Lago Verde, Viviendas Hacinamiento Ignorado, 11.0
Lago Verde, Viviendas sin Hacinamiento, 335.0
Lago Verde, Total Viviendas, 366.0
Cisnes, Viviendas con Hacinamiento Critico, 13.0
Cisnes, Viviendas con Hacinamiento Medio, 107.0
Cisnes, Viviendas Hacinamiento Ignorado, 69.0
Cisnes, Viviendas sin Hacinamiento, 1793.0
Cisnes, Total Viviendas, 1982.0
Aysén, Viviendas con Hacinamiento Critico, 48.0
Aysén, Viviendas con Hacinamiento Medio, 549.0
Aysén, Viviendas Hacinamiento Ignorado, 165.0
Aysén, Viviendas sin Hacinamiento, 6799.0
Aysén, Total Viviendas, 7561.0
Coyhaique, Viviendas con Hacinamiento Critico, 129.0
Coyhaique, Viviendas con Hacinamiento Medio, 1359.0
Coyhaique, Viviendas Hacinamiento Ignorado, 444.0
Coyhaique, Viviendas sin Hacinamiento, 17569.0
Coyhaique, Total Viviendas, 19501.0
Río Ibáñez, Viviendas con Hacinamiento Critico, 8.0
Río Ibáñez, Viviendas con Hacinamiento Medio, 67.0
Río Ibáñez, Viviendas Hacinamiento Ignorado, 33.0
Río Ibáñez, Viviendas sin Hacinamiento, 954.0
Río Ibáñez, Total Viviendas, 1062.0
Chile Chico, Viviendas con Hacinamiento Critico, 12.0
Chile Chico, Viviendas con Hacinamiento Medio, 98.0
Chile Chico, Viviendas Hacinamiento Ignorado, 35.0
Chile Chico, Viviendas sin Hacinamiento, 1638.0
Chile Chico, Total Viviendas, 1783.0
Cochrane, Viviendas con Hacinamiento Critico, 10.0
Cochrane, Viviendas con Hacinamiento Medio, 70.0
Cochrane, Viviendas Hacinamiento Ignorado, 27.0
Cochrane, Viviendas sin Hacinamiento, 1120.0
Cochrane, Total Viviendas, 1227.0
Tortel, Viviendas con Hacinamiento Critico, 2.0
Tortel, Viviendas con Hacinamiento Medio, 13.0
Tortel, Viviendas Hacinamiento Ignorado, 9.0
Tortel, Viviendas sin Hacinamiento, 163.0
Tortel, Total Viviendas, 187.0
O’higgins, Viviendas con Hacinamiento Critico, 1.0
O’higgins, Viviendas con Hacinamiento Medio, 10.0
O’higgins, Viviendas Hacinamiento Ignorado, 1.0
O’higgins, Viviendas sin Hacinamiento, 217.0
O’higgins, Total Viviendas, 229.0
Torres Del Paine, Viviendas con Hacinamiento Critico, 0.0
Torres Del Paine, Viviendas con Hacinamiento Medio, 3.0
Torres Del Paine, Viviendas Hacinamiento Ignorado, 6.0
Torres Del Paine, Viviendas sin Hacinamiento, 118.0
Torres Del Paine, Total Viviendas, 127.0
Natales, Viviendas con Hacinamiento Critico, 24.0
Natales, Viviendas con Hacinamiento Medio, 403.0
Natales, Viviendas Hacinamiento Ignorado, 223.0
Natales, Viviendas sin Hacinamiento, 6624.0
Natales, Total Viviendas, 7274.0
Laguna Blanca, Viviendas con Hacinamiento Critico, 0.0
Laguna Blanca, Viviendas con Hacinamiento Medio, 3.0
Laguna Blanca, Viviendas Hacinamiento Ignorado, 1.0
Laguna Blanca, Viviendas sin Hacinamiento, 100.0
Laguna Blanca, Total Viviendas, 104.0
San Gregorio, Viviendas con Hacinamiento Critico, 1.0
San Gregorio, Viviendas con Hacinamiento Medio, 4.0
San Gregorio, Viviendas Hacinamiento Ignorado, 3.0
San Gregorio, Viviendas sin Hacinamiento, 139.0
San Gregorio, Total Viviendas, 147.0
Río Verde, Viviendas con Hacinamiento Critico, 4.0
Río Verde, Viviendas con Hacinamiento Medio, 10.0
Río Verde, Viviendas Hacinamiento Ignorado, 1.0
Río Verde, Viviendas sin Hacinamiento, 77.0
Río Verde, Total Viviendas, 92.0
Primavera, Viviendas con Hacinamiento Critico, 1.0
Primavera, Viviendas con Hacinamiento Medio, 9.0
Primavera, Viviendas Hacinamiento Ignorado, 6.0
Primavera, Viviendas sin Hacinamiento, 174.0
Primavera, Total Viviendas, 190.0
Punta Arenas, Viviendas con Hacinamiento Critico, 158.0
Punta Arenas, Viviendas con Hacinamiento Medio, 2044.0
Punta Arenas, Viviendas Hacinamiento Ignorado, 1047.0
Punta Arenas, Viviendas sin Hacinamiento, 39130.0
Punta Arenas, Total Viviendas, 42379.0
Porvenir, Viviendas con Hacinamiento Critico, 10.0
Porvenir, Viviendas con Hacinamiento Medio, 146.0
Porvenir, Viviendas Hacinamiento Ignorado, 55.0
Porvenir, Viviendas sin Hacinamiento, 1886.0
Porvenir, Total Viviendas, 2097.0
Timaukel, Viviendas con Hacinamiento Critico, 3.0
Timaukel, Viviendas con Hacinamiento Medio, 4.0
Timaukel, Viviendas Hacinamiento Ignorado, 1.0
Timaukel, Viviendas sin Hacinamiento, 79.0
Timaukel, Total Viviendas, 87.0
Cabo De Hornos, Viviendas con Hacinamiento Critico, 1.0
Cabo De Hornos, Viviendas con Hacinamiento Medio, 28.0
Cabo De Hornos, Viviendas Hacinamiento Ignorado, 15.0
Cabo De Hornos, Viviendas sin Hacinamiento, 519.0
Cabo De Hornos, Total Viviendas, 563.0
Antártica, Viviendas con Hacinamiento Critico, 0.0
Antártica, Viviendas con Hacinamiento Medio, 0.0
Antártica, Viviendas Hacinamiento Ignorado, 0.0
Antártica, Viviendas sin Hacinamiento, 8.0
Antártica, Total Viviendas, 8.0
